,rateRoll_des,ratePitch_des,rateYaw_des,rateRoll,ratePitch,rateYaw,roll,pitch,yaw,roll_d,pitch_d,yaw_d,T,R,P,Y,vx,vy,vz,z
0,0.0,0.0,-0.0,-2.12,3.667,-2.292,0.6,0.4,2.1,0.0,0.0,0.0,32767.0,1359.0,14458.0,16481.0,0.051000000000000004,-0.011,1.087,1.161
1,0.0,5.987,-0.0,-0.63,4.87,2.005,0.6,0.5,2.1,0.0,0.0,0.0,32767.0,1184.0,32767.0,-3842.0,0.051000000000000004,-0.011,1.076,1.172
2,0.0,23.319,-0.0,1.318,6.589,4.584,0.6,0.6,2.2,0.0,0.0,0.0,32767.0,2621.0,32767.0,10243.0,0.05,-0.012,1.072,1.183
3,0.0,51.049,-0.0,2.922,18.105,7.162,0.7,0.9,2.2,0.0,0.0,0.0,32767.0,612.0,9350.0,-3776.0,0.041,-0.017,1.062,1.193
4,0.0,88.232,-0.0,7.047,40.623,9.969,0.7,1.5,2.4,0.0,0.0,0.0,32767.0,-3691.0,4601.0,12963.0,0.038,-0.014,1.05,1.203
5,0.0,133.924,-0.0,6.245,71.047,11.058,0.8,2.5,2.5,0.0,0.0,0.0,32767.0,5694.0,6311.0,-1917.0,0.031,-0.016,1.038,1.214
6,0.0,187.178,-0.0,6.188,109.378,14.61,0.8,3.8,2.6,0.0,0.0,0.0,32767.0,-1446.0,14777.0,11689.0,0.021,-0.014,1.0230000000000001,1.224
7,0.0,247.05,-0.0,8.995,154.985,14.439,1.0,5.7,2.7,0.0,0.0,0.0,32767.0,-3633.0,20425.0,-2546.0,0.022,-0.015,1.01,1.234
8,0.0,312.594,-0.0,13.808,210.562,17.762,1.1,8.2,2.9,0.0,0.0,0.0,32767.0,-13511.0,9766.0,10017.0,0.007,-0.019,0.995,1.244
9,0.0,382.865,-0.0,19.824,277.197,15.527,1.3,11.4,3.0,0.0,0.0,0.0,32767.0,-71.0,13416.0,675.0,0.001,-0.021,0.983,1.2530000000000001
10,0.0,456.917,-0.0,14.725,344.462,20.798,1.4,15.3,3.1,0.0,0.0,0.0,32767.0,-12278.0,8955.0,8928.0,-0.025,-0.025,0.973,1.2630000000000001
11,0.0,533.805,-0.0,20.111,419.176,16.157,1.6,19.9,3.1,0.0,0.0,0.0,32767.0,-6903.0,10461.0,5579.0,-0.055,-0.03,0.963,1.2730000000000001
12,0.0,612.584,-0.0,23.377,494.348,22.345,1.9,25.4,3.2,0.0,0.0,0.0,32767.0,-16809.0,12574.0,3529.0,-0.066,-0.035,0.878,1.2690000000000001
13,0.0,692.308,-0.0,26.07,568.833,17.246,2.2,31.5,3.2,0.0,0.0,0.0,32767.0,-10424.0,26844.0,9091.0,-0.111,-0.041,0.863,1.278
14,0.0,772.032,-0.0,27.903,638.332,23.033,2.5,38.3,3.0,0.0,0.0,0.0,32767.0,-2882.0,20762.0,1851.0,-0.16,-0.045,0.843,1.286
15,0.0,850.811,-0.0,27.502,713.963,18.736,2.9,45.9,2.9,0.0,0.0,0.0,32767.0,-14986.0,16552.0,9056.0,-0.203,-0.052000000000000005,0.642,1.2630000000000001
16,0.0,927.699,-0.0,31.054,791.197,23.892,3.6,54.2,2.4,0.0,0.0,0.0,32767.0,-12427.0,20872.0,-2920.0,-0.271,-0.06,0.615,1.2690000000000001
17,0.0,1001.751,-0.0,33.174,867.229,20.455,5.4,64.6,0.8,0.0,0.0,0.0,32767.0,-8710.0,14775.0,7326.0,-0.334,-0.068,0.577,1.2750000000000001
18,0.0,1072.021,-0.0,38.044,944.005,23.147,8.5,74.4,-2.0,0.0,0.0,0.0,32767.0,-6169.0,18466.0,-703.0,-0.532,-0.1,-0.499,1.115
19,0.0,1072.021,-0.0,37.643,1019.292,21.085,23.7,84.8,-17.0,0.0,0.0,0.0,32767.0,-12102.0,18437.0,11521.0,-0.614,-0.11,-0.58,1.11
20,0.0,1137.565,-0.0,41.654,1089.135,23.205,163.8,83.3,-156.9,0.0,0.0,0.0,32767.0,-9111.0,13309.0,409.0,-0.6950000000000001,-0.11900000000000001,-0.68,1.104
21,0.0,1197.437,-0.0,40.451,1153.822,22.689,175.1,71.6,-168.0,0.0,0.0,0.0,32767.0,-10882.0,14479.0,11247.0,-0.781,-0.13,-0.797,1.097
22,0.0,1250.692,-0.0,40.909,1210.316,23.663,177.8,58.7,-170.5,0.0,0.0,0.0,32767.0,-27204.0,7692.0,-2548.0,-0.862,-0.14,-0.9410000000000001,1.088
23,0.0,1296.383,-0.0,44.92,1263.945,23.09,179.0,45.6,-171.4,0.0,0.0,0.0,32767.0,-17789.0,32767.0,16046.0,-1.074,-0.161,-1.103,1.08
24,0.0,1333.567,-0.0,47.727,1313.047,23.205,179.8,32.3,-171.9,0.0,0.0,0.0,32767.0,-7374.0,32767.0,-1159.0,-1.172,-0.176,-1.294,1.068
25,0.0,1361.297,-0.0,47.384,1354.243,24.752,-179.5,14.6,-172.2,0.0,0.0,0.0,32767.0,-445.0,32767.0,12700.0,-1.226,-0.183,-1.508,1.055
26,0.0,1378.628,-0.0,42.342,1386.501,23.147,-179.0,0.3,-172.3,0.0,0.0,0.0,32767.0,-19136.0,-8539.0,-1210.0,-1.909,-0.255,-1.8920000000000001,1.033
27,0.0,1384.615,-0.0,45.149,1411.653,26.643,-178.5,-13.9,-172.2,0.0,0.0,0.0,32767.0,-20341.0,-21000.0,9623.0,-2.0020000000000002,-0.262,-2.165,1.012
28,0.0,1378.628,-0.0,40.966,1422.826,22.288,-177.9,-30.6,-172.0,0.0,0.0,0.0,32767.0,-12786.0,-28387.0,1702.0,-2.004,-0.264,-2.4290000000000003,0.99
29,0.0,1361.297,-0.0,41.253,1421.508,28.075,-177.2,-44.7,-171.5,0.0,0.0,0.0,32767.0,-5186.0,-28297.0,6717.0,-2.61,-0.323,-2.972,0.9470000000000001
30,0.0,1333.567,-0.0,39.362,1405.924,21.887,-175.9,-60.0,-170.5,0.0,0.0,0.0,32767.0,-15934.0,-31287.0,4998.0,-2.581,-0.322,-3.238,0.916
31,0.0,1296.383,-0.0,40.966,1377.161,28.648,-173.0,-73.6,-167.7,0.0,0.0,0.0,32767.0,1675.0,-16131.0,3730.0,-2.866,-0.352,-3.733,0.863
32,0.0,1250.692,-0.0,34.148,1340.435,21.83,-150.4,-86.4,-145.3,0.0,0.0,0.0,32767.0,-7320.0,-20489.0,12137.0,-2.822,-0.34900000000000003,-3.989,0.8230000000000001
33,0.0,1197.437,-0.0,33.117,1299.697,29.335,-9.4,-80.5,-4.5,0.0,0.0,0.0,32767.0,-1936.0,-23298.0,-1612.0,-2.7560000000000002,-0.34400000000000003,-4.205,0.783
34,0.0,1137.565,-0.0,28.762,1258.674,21.486,-3.3,-68.4,1.6,0.0,0.0,0.0,32767.0,-6620.0,-32767.0,12989.0,-2.66,-0.329,-4.322,0.75
35,0.0,1072.021,-0.0,26.528,1207.05,28.992,-3.1,-62.7,1.4,0.0,0.0,0.0,32767.0,2256.0,-32767.0,-3088.0,-2.596,-0.326,-4.473,0.708
36,0.0,1001.751,-0.0,21.887,1154.625,21.543,-1.7,-50.5,2.7,0.0,0.0,0.0,32767.0,505.0,-32767.0,14848.0,-1.5,-0.194,-3.309,0.866
37,0.0,927.699,-0.0,17.934,1095.61,27.559,-1.0,-40.0,3.4,0.0,0.0,0.0,32767.0,-1466.0,-32767.0,-1704.0,-1.836,-0.22,-3.391,0.835
38,0.0,850.811,-0.0,11.918,1033.387,21.83,-1.6,-40.3,2.6,0.0,0.0,0.0,32767.0,7375.0,-32767.0,16617.0,0.833,0.041,-1.617,1.209
39,0.0,772.032,-0.0,1.089,972.768,25.153,-1.3,-30.8,3.2,0.0,0.0,0.0,32767.0,8855.0,-32767.0,-807.0,0.449,0.019,-1.5310000000000001,1.193
40,0.0,692.308,-0.0,-7.735,915.873,22.002,-1.2,-22.0,3.7,0.0,0.0,0.0,32767.0,6927.0,-32767.0,13516.0,0.459,0.022,-1.546,1.178
41,0.0,692.308,-0.0,-13.694,866.656,22.059,-1.2,-12.2,3.9,0.0,0.0,0.0,32767.0,4507.0,-32767.0,2175.0,0.516,0.027,-1.573,1.163
42,0.0,612.584,-0.0,-12.032,814.23,21.429,-1.3,-4.2,4.3,0.0,0.0,0.0,32767.0,3724.0,-32767.0,11821.0,-0.099,-0.01,-1.477,1.149
43,0.0,533.805,-0.0,-16.616,764.097,20.913,-1.5,2.9,4.8,0.0,0.0,0.0,32767.0,10481.0,-32767.0,5590.0,-0.165,-0.015,-1.333,1.163
44,0.0,456.917,-0.0,-18.965,719.463,20.913,-1.7,9.9,5.2,0.0,0.0,0.0,32767.0,1108.0,-32767.0,12267.0,-0.064,-0.01,-1.366,1.149
45,0.0,382.865,-0.0,-17.017,664.402,23.319,-1.9,16.2,5.6,0.0,0.0,0.0,32767.0,-2882.0,-32767.0,9847.0,-0.117,-0.012,-1.381,1.1360000000000001
46,0.0,312.594,-0.0,-15.642,592.095,24.752,-2.3,21.4,6.2,0.0,0.0,0.0,32767.0,4407.0,-32767.0,10641.0,-0.191,-0.017,-1.3980000000000001,1.122
47,0.0,247.05,-0.0,-12.72,499.906,27.731,-2.5,25.7,6.7,0.0,0.0,0.0,32767.0,-10271.0,-32767.0,9927.0,-0.15,-0.015,-1.429,1.108
48,0.0,187.178,-0.0,-9.11,397.117,27.158,-2.9,28.9,7.2,0.0,0.0,0.0,32767.0,4882.0,-32767.0,11313.0,-0.20700000000000002,-0.019,-1.454,1.093
49,0.0,133.924,-0.0,-13.808,277.426,30.825,-3.3,30.8,7.7,0.0,0.0,0.0,32767.0,11142.0,-7547.0,4488.0,-0.248,-0.022,-1.48,1.079
50,0.0,88.232,-0.0,-15.871,140.547,30.08,-3.7,31.3,8.2,0.0,0.0,0.0,32767.0,-4279.0,-32767.0,19482.0,-0.277,-0.024,-1.506,1.064
51,0.0,51.049,-0.0,-5.042,-2.979,36.497,-3.9,30.7,8.5,0.0,0.0,0.0,32767.0,606.0,18913.0,6315.0,-0.331,-0.028,-1.51,1.052
52,0.0,23.319,-0.0,-6.933,-106.627,37.013,-4.2,29.2,8.9,0.0,0.0,0.0,32767.0,21601.0,32767.0,21353.0,-0.368,-0.028,-1.532,1.037
53,0.0,5.987,-0.0,-20.455,-175.726,41.539,-4.6,27.1,9.2,0.0,0.0,0.0,32767.0,8504.0,32767.0,10369.0,-0.41600000000000004,-0.031,-1.555,1.0210000000000001
54,0.0,0.0,-0.0,-15.527,-223.74,43.086,-4.8,25.0,9.6,0.0,0.0,0.0,32767.0,-6527.0,32767.0,14166.0,-0.453,-0.033,-1.572,1.006
55,0.0,0.0,-0.0,-5.672,-247.002,43.831,-5.0,22.3,9.8,0.0,0.0,0.0,55767.0,-6925.0,32767.0,12449.0,-0.597,-0.045,-1.534,0.999
56,0.0,0.0,-0.0,-1.547,-261.383,49.045,-5.0,19.6,10.2,0.0,0.0,0.0,55767.0,-7749.0,32767.0,18298.0,-0.611,-0.043000000000000003,-1.545,0.983
57,0.0,0.0,-0.0,7.85,-263.732,52.54,-5.0,17.0,10.5,0.0,0.0,0.0,55767.0,-19458.0,32767.0,13146.0,-0.632,-0.041,-1.55,0.968
58,0.0,0.0,-0.0,22.517,-255.883,54.316,-4.8,14.3,10.8,0.0,0.0,0.0,55767.0,-14164.0,32767.0,20201.0,-0.708,-0.042,-1.548,0.9530000000000001
59,0.0,0.0,-0.0,35.294,-235.085,58.957,-4.4,12.1,11.2,0.0,0.0,0.0,55767.0,-29474.0,32767.0,14359.0,-0.639,-0.029,-1.609,0.925
60,0.0,0.0,-0.0,49.217,-205.577,59.473,-4.0,10.3,11.7,0.0,0.0,0.0,55767.0,-19165.0,32767.0,21000.0,-0.65,-0.027,-1.6,0.909
61,0.0,0.0,-0.0,55.405,-183.977,61.421,-3.4,8.4,12.2,0.0,0.0,0.0,55767.0,-19664.0,32767.0,8918.0,-0.723,-0.028,-1.589,0.894
62,0.0,0.0,-0.0,66.578,-173.091,59.588,-2.8,6.4,12.6,0.0,0.0,0.0,55767.0,-32767.0,32767.0,21033.0,-0.729,-0.026000000000000002,-1.58,0.878
63,0.0,0.0,-0.0,72.88,-175.497,62.682,-2.1,4.7,13.1,0.0,0.0,0.0,55767.0,-21888.0,32767.0,5035.0,-0.613,-0.012,-1.666,0.844
64,0.0,0.0,-0.0,79.355,-184.149,59.645,-1.3,2.7,13.7,0.0,0.0,0.0,55767.0,-27938.0,32767.0,22474.0,-0.683,-0.01,-1.6480000000000001,0.8280000000000001
65,0.0,0.0,-0.0,93.564,-193.431,58.9,-0.3,0.7,14.3,0.0,0.0,0.0,55767.0,-29887.0,32767.0,6971.0,-0.673,-0.011,-1.6360000000000001,0.811
66,0.0,0.0,-0.0,99.523,-203.457,57.64,0.6,-1.4,14.6,0.0,0.0,0.0,55767.0,-20149.0,32767.0,14643.0,-0.647,-0.014,-1.621,0.795
67,0.0,0.0,-0.0,89.095,-197.097,53.858,1.4,-3.3,15.2,0.0,0.0,0.0,55767.0,3143.0,32767.0,7081.0,-0.612,-0.001,-1.71,0.759
68,0.0,0.0,-0.0,77.063,-177.789,51.853,2.2,-4.8,15.7,0.0,0.0,0.0,55767.0,-22417.0,32767.0,7457.0,-0.595,-0.002,-1.684,0.742
69,0.0,0.0,-0.0,79.469,-155.558,48.358,3.1,-6.2,16.3,0.0,0.0,0.0,55767.0,-27130.0,32767.0,14524.0,-0.64,-0.006,-1.655,0.726
70,0.0,0.0,-0.0,83.365,-128.916,49.16,4.0,-7.2,16.8,0.0,0.0,0.0,55767.0,-20975.0,32767.0,2278.0,-0.615,-0.013000000000000001,-1.6260000000000001,0.709
71,0.0,0.0,-0.0,77.464,-92.418,44.691,3.9,-7.2,16.7,0.0,0.0,0.0,55767.0,12020.0,6328.0,14731.0,-0.543,-0.015,-1.675,0.679
72,0.0,0.0,-0.0,55.119,-38.388,42.284,5.1,-7.7,17.6,0.0,0.0,0.0,55767.0,13662.0,-12004.0,-3407.0,-0.56,-0.02,-1.6420000000000001,0.662
73,0.0,0.0,-0.0,35.638,12.032,40.852,5.4,-7.3,18.0,0.0,0.0,0.0,55767.0,-6607.0,-26312.0,10636.0,-0.553,-0.029,-1.616,0.646
74,0.0,0.0,-0.0,26.643,36.44,38.503,5.7,-7.0,18.4,0.0,0.0,0.0,55767.0,907.0,-17482.0,6107.0,-0.542,-0.037,-1.577,0.63
75,0.0,0.0,-0.0,16.272,23.778,39.935,5.8,-6.9,18.7,0.0,0.0,0.0,55767.0,4916.0,463.0,9905.0,-0.492,-0.042,-1.613,0.602
76,0.0,0.0,-0.0,2.235,1.948,36.383,5.8,-6.9,19.0,0.0,0.0,0.0,55767.0,13976.0,5784.0,8536.0,-0.47400000000000003,-0.049,-1.583,0.586
77,0.0,0.0,-0.0,-3.61,-7.506,37.873,5.9,-7.0,19.2,0.0,0.0,0.0,55767.0,-9217.0,15231.0,8780.0,-0.432,-0.047,-1.547,0.5700000000000001
78,0.0,0.0,-0.0,6.646,-24.637,37.013,6.1,-7.3,19.7,0.0,0.0,0.0,55767.0,-12487.0,26245.0,13338.0,-0.44,-0.042,-1.5050000000000001,0.555
79,0.0,0.0,-0.0,18.736,-37.529,39.763,6.4,-7.6,20.2,0.0,0.0,0.0,55767.0,-19454.0,25350.0,10785.0,-0.40900000000000003,-0.051000000000000004,-1.5050000000000001,0.533
80,0.0,0.0,-0.0,30.252,-41.425,39.763,6.8,-8.0,20.6,0.0,0.0,0.0,55767.0,-12660.0,17831.0,13871.0,-0.41000000000000003,-0.066,-1.465,0.518
81,0.0,0.0,-0.0,32.258,-35.122,41.711,7.1,-8.2,21.1,0.0,0.0,0.0,55767.0,-9392.0,10006.0,6843.0,-0.391,-0.076,-1.422,0.504
82,0.0,0.0,-0.0,30.94,-23.892,38.789,7.5,-8.2,21.5,0.0,0.0,0.0,55767.0,-6608.0,2499.0,7401.0,-0.376,-0.088,-1.3860000000000001,0.49
83,0.0,0.0,-0.0,28.533,-8.136,37.815,7.8,-8.1,21.9,0.0,0.0,0.0,55767.0,8097.0,-5015.0,8775.0,-0.384,-0.10300000000000001,-1.345,0.47600000000000003
84,0.0,0.0,-0.0,21.772,7.506,33.633,8.0,-7.9,22.2,0.0,0.0,0.0,55767.0,5058.0,-17418.0,16011.0,-0.361,-0.115,-1.326,0.458
85,0.0,0.0,-0.0,13.694,19.423,34.95,8.1,-7.5,22.6,0.0,0.0,0.0,55767.0,-274.0,-15651.0,8045.0,-0.34800000000000003,-0.128,-1.282,0.445
86,0.0,0.0,-0.0,6.761,24.924,34.492,8.2,-7.2,23.0,0.0,0.0,0.0,55767.0,6823.0,-7584.0,11831.0,-0.338,-0.154,-1.24,0.432
87,0.0,0.0,-0.0,-1.261,17.762,36.383,8.1,-7.1,23.3,0.0,0.0,0.0,55767.0,10257.0,-3514.0,6484.0,-0.324,-0.168,-1.2,0.42
88,0.0,0.0,-0.0,-8.594,6.245,35.581,8.0,-7.0,23.8,0.0,0.0,0.0,55767.0,16052.0,5743.0,11928.0,-0.299,-0.177,-1.173,0.406
89,0.0,0.0,-0.0,-15.126,-3.151,36.898,7.9,-6.9,24.1,0.0,0.0,0.0,55767.0,-1033.0,-32.0,3915.0,-0.3,-0.199,-1.131,0.394
90,0.0,0.0,-0.0,-11.688,-0.745,34.607,7.9,-6.8,24.6,0.0,0.0,0.0,55767.0,6922.0,-3887.0,13133.0,-0.28600000000000003,-0.214,-1.087,0.383
91,0.0,0.0,-0.0,-10.485,3.61,36.612,7.8,-6.7,24.9,0.0,0.0,0.0,55767.0,-2449.0,-1373.0,5319.0,-0.28,-0.234,-1.044,0.373
92,0.0,0.0,-0.0,-6.933,2.75,33.575,7.8,-6.6,25.3,0.0,0.0,0.0,55767.0,3156.0,-3633.0,13205.0,-0.266,-0.244,-1.008,0.361
93,0.0,0.0,-0.0,-9.282,2.636,36.44,7.7,-6.5,25.7,0.0,0.0,0.0,55767.0,4557.0,1233.0,5176.0,-0.253,-0.259,-0.965,0.35100000000000003
94,0.0,0.0,-0.0,-10.084,1.203,34.263,7.6,-6.4,26.1,0.0,0.0,0.0,55767.0,6591.0,-5720.0,14053.0,-0.246,-0.28200000000000003,-0.923,0.342
95,0.0,0.0,-0.0,-12.433,6.704,37.643,7.5,-6.2,26.4,0.0,0.0,0.0,55767.0,3091.0,-2669.0,7965.0,-0.232,-0.292,-0.878,0.333
96,0.0,0.0,-0.0,-11.516,9.74,36.268,7.5,-6.0,26.9,0.0,0.0,0.0,55767.0,-427.0,-7676.0,17853.0,-0.219,-0.302,-0.8280000000000001,0.325
97,0.0,0.0,-0.0,-12.032,6.933,40.68,7.4,-5.9,27.3,0.0,0.0,0.0,55767.0,6880.0,-3797.0,4742.0,-0.20800000000000002,-0.325,-0.786,0.317
98,0.0,0.0,-0.0,-7.85,5.844,38.847,7.4,-5.8,27.7,0.0,0.0,0.0,55767.0,3483.0,-407.0,17716.0,-0.19,-0.337,-0.742,0.309
99,0.0,0.0,-0.0,-7.85,0.057,41.654,7.3,-5.7,28.2,0.0,0.0,0.0,55767.0,10464.0,594.0,6506.0,-0.17400000000000002,-0.34500000000000003,-0.6970000000000001,0.302
100,0.0,0.0,-0.0,-8.766,-0.401,41.539,7.3,-5.7,28.7,0.0,0.0,0.0,55767.0,156.0,1771.0,14280.0,-0.166,-0.369,-0.639,0.298
101,0.0,0.0,-0.0,-4.641,-3.094,42.915,7.4,-5.5,29.2,0.0,0.0,0.0,55767.0,-8928.0,-3099.0,7358.0,-0.152,-0.381,-0.595,0.292
102,0.0,0.0,-0.0,0.344,-0.286,44.175,7.4,-5.5,29.6,0.0,0.0,0.0,55767.0,3448.0,-2320.0,13187.0,-0.148,-0.404,-0.552,0.28600000000000003
103,0.0,0.0,-0.0,-2.177,0.573,44.118,7.3,-5.4,30.1,0.0,0.0,0.0,55767.0,5896.0,-2105.0,11862.0,-0.131,-0.40900000000000003,-0.508,0.281
104,0.0,0.0,-0.0,-6.704,1.432,46.811,7.3,-5.2,30.7,0.0,0.0,0.0,55767.0,7324.0,-5222.0,11460.0,-0.112,-0.422,-0.447,0.28
105,0.0,0.0,-0.0,-8.48,8.308,46.18,7.3,-5.0,31.1,0.0,0.0,0.0,55767.0,5221.0,-5251.0,15746.0,-0.101,-0.444,-0.404,0.275
106,0.0,0.0,-0.0,-8.881,14.324,48.873,7.2,-4.8,31.5,0.0,0.0,0.0,55767.0,1303.0,-11058.0,6189.0,-0.088,-0.455,-0.363,0.271
107,0.0,0.0,-0.0,-10.657,15.355,47.555,7.1,-4.6,32.1,0.0,0.0,0.0,55767.0,4777.0,-6515.0,19455.0,-0.074,-0.459,-0.321,0.268
108,0.0,0.0,-0.0,-18.277,18.335,50.134,6.9,-4.3,32.6,0.0,0.0,0.0,55767.0,6044.0,-10509.0,9098.0,-0.054,-0.482,-0.265,0.268
109,0.0,0.0,-0.0,-22.231,18.793,50.764,6.7,-4.0,33.0,0.0,0.0,0.0,55767.0,6572.0,-12296.0,18656.0,-0.044,-0.489,-0.225,0.265
110,0.0,0.0,-0.0,-20.054,23.033,51.738,6.6,-3.7,33.6,0.0,0.0,0.0,55767.0,10524.0,-16842.0,9792.0,-0.026000000000000002,-0.492,-0.184,0.263
111,0.0,0.0,-0.0,-24.293,25.038,52.884,6.3,-3.4,34.1,0.0,0.0,0.0,55767.0,8538.0,-11966.0,14631.0,-0.013000000000000001,-0.512,-0.14400000000000002,0.262
112,0.0,0.0,-0.0,-27.617,22.804,54.03,6.0,-3.1,34.7,0.0,0.0,0.0,55767.0,15470.0,-13783.0,12499.0,-0.002,-0.52,-0.077,0.266
113,0.0,0.0,-0.0,-30.711,21.371,53.285,6.0,-3.1,34.7,0.0,0.0,0.0,55767.0,3944.0,-6667.0,17374.0,0.012,-0.541,-0.041,0.265
114,0.0,0.0,-0.0,-30.653,19.022,55.577,5.7,-2.8,35.2,0.0,0.0,0.0,55767.0,-12033.0,10875.0,15999.0,0.024,-0.544,0.001,0.265
115,0.0,0.0,-0.0,-28.247,17.533,55.061,5.5,-2.5,35.9,0.0,0.0,0.0,55767.0,7139.0,-7403.0,16081.0,0.031,-0.549,0.023,0.265
116,0.0,0.0,-0.0,-27.559,18.507,56.608,5.2,-2.3,36.4,0.0,0.0,0.0,55767.0,5891.0,-11741.0,10493.0,0.042,-0.5660000000000001,0.051000000000000004,0.265
117,0.0,0.0,-0.0,-24.694,17.189,55.348,4.9,-2.1,36.9,0.0,0.0,0.0,55767.0,-3371.0,-3649.0,12554.0,0.053,-0.5680000000000001,0.114,0.271
118,0.0,0.0,-0.0,-25.554,13.407,57.525,4.7,-1.9,37.5,0.0,0.0,0.0,55767.0,5467.0,-3735.0,11705.0,0.055,-0.5700000000000001,0.153,0.273
119,0.0,0.0,-0.0,-25.21,11.345,55.806,4.4,-1.7,38.0,0.0,0.0,0.0,55767.0,958.0,-8054.0,15395.0,0.07,-0.586,0.187,0.274
120,0.0,0.0,-0.0,-26.356,14.381,56.551,4.2,-1.5,38.7,0.0,0.0,0.0,55767.0,1881.0,-6656.0,11847.0,0.074,-0.588,0.223,0.276
121,0.0,0.0,-0.0,-22.861,14.61,55.863,4.0,-1.3,39.2,0.0,0.0,0.0,55767.0,6627.0,-9396.0,16153.0,0.083,-0.605,0.277,0.28200000000000003
122,0.0,0.0,-0.0,-18.793,15.756,55.52,3.7,-1.2,39.7,0.0,0.0,0.0,55767.0,6016.0,-2917.0,14945.0,0.08700000000000001,-0.605,0.313,0.28500000000000003
123,0.0,0.0,-0.0,-24.179,13.694,56.264,3.6,-0.9,40.3,0.0,0.0,0.0,55767.0,5953.0,-4957.0,11731.0,0.094,-0.605,0.34800000000000003,0.289
124,0.0,0.0,-0.0,-23.491,14.782,56.15,3.3,-0.8,40.8,0.0,0.0,0.0,55767.0,-357.0,-10594.0,16888.0,0.101,-0.62,0.382,0.292
125,0.0,0.0,-0.0,-20.283,18.277,55.52,3.1,-0.6,41.3,0.0,0.0,0.0,55767.0,3643.0,-12137.0,9502.0,0.10400000000000001,-0.622,0.429,0.299
126,0.0,0.0,-0.0,-22.231,19.481,56.207,2.9,-0.3,42.0,0.0,0.0,0.0,55767.0,8310.0,-10808.0,15363.0,0.106,-0.621,0.465,0.303
127,0.0,0.0,-0.0,-23.147,15.986,56.035,2.6,-0.1,42.5,0.0,0.0,0.0,55767.0,10539.0,-7215.0,15485.0,0.113,-0.635,0.498,0.308
128,0.0,0.0,-0.0,-24.007,17.762,55.348,2.3,0.0,43.0,0.0,0.0,0.0,55767.0,-3942.0,-7598.0,11886.0,0.114,-0.634,0.534,0.313
129,0.0,0.0,-0.0,-20.111,14.84,56.723,2.2,0.3,43.6,0.0,0.0,0.0,55767.0,-2276.0,-6261.0,15072.0,0.114,-0.636,0.586,0.322
130,0.0,0.0,-0.0,-21.83,15.47,53.4,1.9,0.4,44.1,0.0,0.0,0.0,55767.0,12068.0,-5650.0,16175.0,0.117,-0.647,0.619,0.328
131,0.0,0.0,-0.0,-22.861,13.465,56.494,1.7,0.6,44.7,0.0,0.0,0.0,55767.0,2865.0,-5523.0,11303.0,0.116,-0.648,0.655,0.334
132,0.0,0.0,-0.0,-17.762,13.293,53.4,1.5,0.7,45.3,0.0,0.0,0.0,55767.0,3771.0,-6761.0,15647.0,0.114,-0.647,0.6900000000000001,0.341
133,0.0,0.0,-0.0,-22.231,13.121,54.832,1.0,1.0,46.3,0.0,0.0,0.0,55767.0,-4923.0,-7202.0,13597.0,0.117,-0.659,0.741,0.35100000000000003
134,0.0,0.0,-0.0,-21.83,14.152,54.546,0.8,1.2,46.9,0.0,0.0,0.0,55767.0,-1020.0,-13915.0,13596.0,0.116,-0.658,0.773,0.359
135,0.0,0.0,-0.0,-17.189,17.074,53.572,0.6,1.4,47.4,0.0,0.0,0.0,55767.0,235.0,-5283.0,17189.0,0.11800000000000001,-0.664,0.804,0.367
136,0.0,0.0,-0.0,-18.736,14.725,54.488,0.4,1.5,48.0,0.0,0.0,0.0,55767.0,5604.0,-4733.0,12154.0,0.112,-0.664,0.839,0.375
137,0.771,-13.02,-289.077,-19.767,9.339,54.889,0.2,1.6,48.5,-12.9,-11.1,0.0,55767.0,6255.0,-2401.0,32767.0,0.109,-0.663,0.887,0.386
138,-79.588,-75.773,-288.294,-21.944,6.704,51.566,-0.1,1.6,48.9,-12.9,-11.4,0.0,42346.6,-7621.0,-14674.0,32767.0,0.109,-0.672,0.92,0.395
139,-78.978,-78.584,-292.117,-20.798,7.735,37.529,-0.4,1.7,49.2,-12.8,-11.6,0.0,40982.5,-6176.0,-14345.0,32767.0,0.106,-0.672,0.9500000000000001,0.404
140,-77.227,-80.101,-295.02,-27.387,3.896,20.798,-0.3,1.7,49.2,-12.6,-11.7,0.0,39640.9,-4480.0,-12613.0,32767.0,0.1,-0.669,0.977,0.41400000000000003
141,-74.51,-81.438,-296.855,-33.002,-2.349,2.75,-0.7,1.7,49.3,-12.7,-11.9,0.0,38393.1,-3505.0,-8894.0,32767.0,0.1,-0.677,1.008,0.427
142,-73.36,-83.031,-294.891,-52.082,-6.245,-15.814,-1.2,1.6,49.2,-12.5,-11.9,0.0,36837.1,-2623.0,-11990.0,32767.0,0.091,-0.673,1.027,0.438
143,-69.976,-83.356,-300.815,-62.51,-11.631,-33.232,-1.8,1.5,48.8,-12.7,-12.0,0.0,35727.0,1649.0,-8851.0,31973.0,0.091,-0.68,1.039,0.448
144,-67.502,-83.392,-293.55,-78.151,-16.96,-50.821,-2.6,1.4,48.3,-12.5,-11.9,0.0,34759.5,2143.0,-10396.0,29774.0,0.083,-0.674,1.05,0.458
145,-62.273,-82.465,-291.069,-91.616,-21.658,-65.947,-3.4,1.2,47.7,-12.3,-11.8,0.0,33841.5,8987.0,-7093.0,28188.0,0.07100000000000001,-0.667,1.07,0.47100000000000003
146,-56.306,-81.586,-296.393,-99.351,-28.419,-79.87,-4.4,1.0,46.9,-12.6,-11.9,0.0,32530.3,6277.0,-6546.0,25750.0,0.067,-0.676,1.071,0.482
147,-51.955,-80.959,-283.346,-105.138,-38.503,-90.928,-5.5,0.7,46.0,-12.4,-11.7,0.0,31820.7,7685.0,-7668.0,24023.0,0.057,-0.666,1.072,0.493
148,-45.081,-78.372,-281.278,-107.43,-46.925,-100.497,-6.5,0.4,45.0,-12.1,-11.4,0.0,31109.9,8821.0,-2513.0,21809.0,0.043000000000000003,-0.65,1.07,0.504
149,-36.557,-75.078,-275.389,-103.82,-56.436,-108.747,-7.6,-0.1,43.8,-12.3,-11.4,0.0,30456.7,7961.0,-101.0,21747.0,0.037,-0.655,1.078,0.516
150,-32.024,-72.793,-269.328,-96.658,-64.916,-115.165,-8.6,-0.6,42.6,-12.1,-11.0,0.0,29434.4,7234.0,-528.0,18899.0,0.027,-0.638,1.073,0.527
151,-24.553,-68.005,-262.374,-82.678,-71.906,-119.748,-9.5,-1.0,41.4,-11.8,-10.7,0.0,28855.6,5060.0,1939.0,17661.0,0.017,-0.622,1.065,0.538
152,-17.926,-63.164,-255.026,-70.359,-74.828,-122.613,-10.2,-1.6,40.0,-11.9,-10.6,0.0,28340.1,5127.0,1856.0,17211.0,0.007,-0.62,1.054,0.548
153,-14.05,-59.724,-247.594,-55.863,-75.057,-124.79,-10.8,-2.1,38.7,-11.7,-10.2,0.0,27901.4,4419.0,4424.0,15536.0,0.0,-0.603,1.067,0.5640000000000001
154,-8.965,-54.359,-239.999,-40.336,-74.485,-124.905,-11.3,-2.6,37.3,-11.7,-10.0,0.0,26634.4,1694.0,1398.0,15256.0,-0.01,-0.599,1.053,0.5740000000000001
155,-6.292,-51.101,-232.318,-23.663,-70.417,-125.191,-11.7,-3.0,36.0,-11.5,-9.6,0.0,26258.8,-1068.0,-1135.0,13746.0,-0.016,-0.58,1.037,0.585
156,-2.81,-45.982,-224.476,-10.714,-62.968,-123.702,-11.9,-3.4,34.6,-11.2,-9.2,0.0,25948.6,-1344.0,-934.0,13067.0,-0.023,-0.562,1.02,0.595
157,-0.05,-41.603,-216.765,4.927,-55.176,-121.696,-11.9,-3.7,33.3,-11.1,-9.1,0.0,25681.7,-2173.0,410.0,12600.0,-0.034,-0.552,1.0010000000000001,0.605
158,1.102,-39.322,-209.193,16.845,-44.29,-120.608,-11.9,-3.9,32.0,-10.8,-8.7,0.0,26079.0,-1998.0,1025.0,11691.0,-0.039,-0.535,0.961,0.612
159,2.173,-35.874,-201.86,24.064,-36.268,-118.373,-11.7,-4.0,30.8,-10.6,-8.3,0.0,25922.4,-1987.0,-1135.0,11202.0,-0.042,-0.518,0.9380000000000001,0.621
160,2.544,-32.932,-194.777,29.794,-29.393,-115.566,-11.5,-4.0,29.6,-10.4,-8.1,0.0,25836.6,-5278.0,-7218.0,10641.0,-0.051000000000000004,-0.506,0.914,0.63
161,2.591,-31.759,-187.945,31.742,-21.314,-112.013,-11.3,-4.0,28.5,-10.2,-7.8,0.0,25772.8,-3117.0,-4217.0,10155.0,-0.055,-0.489,0.89,0.639
162,2.712,-30.068,-181.284,32.372,-17.189,-108.747,-11.0,-4.0,27.4,-10.0,-7.5,0.0,26345.2,-1877.0,-5187.0,9786.0,-0.056,-0.47500000000000003,0.846,0.645
163,2.41,-28.372,-174.929,29.049,-15.126,-105.883,-10.8,-3.9,26.3,-9.8,-7.4,0.0,26387.4,-3312.0,-6145.0,9304.0,-0.066,-0.463,0.8170000000000001,0.653
164,2.45,-28.532,-168.771,25.267,-11.631,-102.789,-10.7,-3.8,25.2,-9.5,-7.1,0.0,26501.8,-336.0,-1363.0,8983.0,-0.067,-0.447,0.789,0.661
165,2.838,-27.004,-162.796,18.048,-12.376,-99.58,-10.5,-3.7,24.2,-9.3,-6.8,0.0,26606.8,-1814.0,-3002.0,8600.0,-0.07,-0.431,0.762,0.669
166,3.743,-26.029,-157.004,13.579,-11.402,-96.314,-10.5,-3.7,23.3,-9.0,-6.7,0.0,26662.0,44.0,-825.0,8300.0,-0.077,-0.419,0.734,0.677
167,4.682,-25.824,-151.378,6.99,-12.777,-92.934,-10.5,-3.6,22.3,-8.8,-6.4,0.0,26831.6,2148.0,-487.0,8070.0,-0.079,-0.402,0.705,0.684
168,6.491,-24.652,-145.952,0.859,-15.011,-89.439,-10.5,-3.6,21.4,-8.5,-6.3,0.0,27000.2,2674.0,-928.0,7829.0,-0.082,-0.389,0.677,0.6910000000000001
169,8.243,-23.817,-140.694,-3.209,-18.621,-86.459,-10.6,-3.6,20.5,-8.3,-6.1,0.0,27172.0,2300.0,-2401.0,7570.0,-0.08600000000000001,-0.375,0.648,0.6970000000000001
170,10.334,-22.841,-135.598,-3.438,-18.163,-83.766,-10.7,-3.6,19.7,-7.9,-5.9,0.0,27202.4,3944.0,-6.0,7168.0,-0.09,-0.358,0.625,0.705
171,13.159,-21.831,-130.607,-3.667,-19.366,-80.558,-10.8,-3.6,18.8,-7.8,-5.7,0.0,27415.4,2813.0,-3567.0,7178.0,-0.09,-0.34800000000000003,0.597,0.711
172,14.545,-20.583,-125.844,-3.094,-19.767,-76.203,-10.9,-3.7,18.0,-7.5,-5.5,0.0,27628.8,3592.0,2561.0,6972.0,-0.092,-0.333,0.5680000000000001,0.717
173,17.122,-19.225,-121.253,0.344,-19.882,-73.396,-10.9,-3.7,17.3,-7.1,-5.3,0.0,27871.7,2486.0,-3580.0,6833.0,-0.092,-0.315,0.541,0.722
174,19.726,-17.697,-116.858,6.99,-17.361,-70.073,-10.9,-3.8,16.6,-6.9,-5.2,0.0,28102.7,3066.0,566.0,6652.0,-0.096,-0.303,0.516,0.728
175,21.302,-17.053,-112.659,11.23,-18.22,-66.291,-10.9,-3.8,15.9,-6.6,-5.0,0.0,28252.3,-1545.0,-4234.0,6704.0,-0.094,-0.29,0.489,0.733
176,22.383,-15.472,-108.718,19.251,-13.006,-63.713,-10.7,-3.8,15.2,-6.3,-4.9,0.0,28501.3,1322.0,965.0,6449.0,-0.095,-0.276,0.461,0.738
177,23.414,-14.625,-104.91,24.179,-12.949,-60.734,-10.5,-3.8,14.6,-6.0,-4.8,0.0,28777.4,-817.0,-2111.0,6261.0,-0.099,-0.262,0.435,0.742
178,24.236,-14.357,-100.522,28.877,-11.86,-57.64,-10.3,-3.8,14.0,-5.7,-4.6,0.0,29049.6,282.0,236.0,6330.0,-0.097,-0.247,0.418,0.748
179,24.673,-13.182,-97.851,32.601,-10.772,-54.66,-10.0,-3.8,13.4,-5.4,-4.5,0.0,28981.9,-406.0,-3099.0,6197.0,-0.099,-0.231,0.393,0.752
180,25.323,-12.597,-94.585,36.039,-8.422,-52.54,-9.7,-3.8,12.9,-5.2,-4.4,0.0,29251.1,-1582.0,-2612.0,6017.0,-0.1,-0.22,0.366,0.756
181,24.994,-12.208,-91.494,37.471,-7.162,-49.504,-9.4,-3.8,12.4,-4.9,-4.2,0.0,29546.6,-1179.0,912.0,6181.0,-0.097,-0.20800000000000002,0.34,0.76
182,24.399,-11.107,-89.058,37.3,-7.162,-47.555,-9.0,-3.8,11.9,-4.6,-4.2,0.0,29865.7,-1235.0,-3504.0,5863.0,-0.099,-0.193,0.309,0.762
183,24.68,-10.84,-85.784,37.758,-6.474,-44.977,-8.7,-3.8,11.4,-4.4,-4.0,0.0,30342.2,741.0,444.0,6068.0,-0.095,-0.184,0.28400000000000003,0.765
184,23.601,-9.811,-83.171,36.268,-8.422,-42.571,-8.4,-3.8,11.0,-4.1,-3.9,0.0,30664.8,-1889.0,-600.0,5926.0,-0.094,-0.169,0.26,0.768
185,23.8,-8.893,-80.658,35.523,-6.245,-40.508,-8.0,-3.8,10.6,-3.8,-3.9,0.0,30979.1,139.0,413.0,5569.0,-0.1,-0.155,0.23500000000000001,0.77
186,24.072,-9.348,-78.192,34.721,-7.62,-37.815,-7.7,-3.8,10.2,-3.5,-3.8,0.0,31308.6,796.0,-76.0,5889.0,-0.096,-0.14400000000000002,0.218,0.774
187,23.605,-8.244,-75.945,32.2,-7.391,-35.638,-7.4,-3.8,9.8,-3.3,-3.6,0.0,31429.4,997.0,-3773.0,5896.0,-0.093,-0.135,0.195,0.776
188,23.021,-7.421,-73.852,29.622,-3.896,-33.976,-7.2,-3.8,9.5,-3.0,-3.6,0.0,31737.8,293.0,-1767.0,5725.0,-0.095,-0.121,0.17200000000000001,0.778
189,23.56,-7.341,-71.833,28.304,-2.922,-31.799,-6.9,-3.8,9.1,-2.8,-3.5,0.0,32054.1,482.0,-941.0,5902.0,-0.092,-0.111,0.151,0.779
190,23.473,-6.508,-69.99,26.528,-3.782,-29.335,-6.7,-3.8,8.8,-2.5,-3.4,0.0,32360.7,1061.0,-808.0,5833.0,-0.092,-0.097,0.131,0.781
191,24.166,-6.168,-68.242,26.814,-2.12,-28.075,-6.4,-3.8,8.6,-2.3,-3.3,0.0,32615.5,-1547.0,-4066.0,5927.0,-0.088,-0.089,0.111,0.782
192,23.794,-5.471,-66.649,24.523,-2.521,-25.554,-6.2,-3.7,8.3,-2.1,-3.1,0.0,32918.2,-2695.0,-1863.0,377.0,-0.085,-0.079,0.091,0.783
193,23.815,-4.787,-65.166,25.096,2.865,-24.293,-6.0,-3.7,8.0,-1.8,-3.1,0.0,33215.0,-458.0,-5028.0,793.0,-0.08600000000000001,-0.066,0.073,0.784
194,24.554,-4.93,-63.733,24.064,4.985,-22.517,-5.8,-3.6,7.8,-1.6,-3.0,0.0,33488.1,2024.0,-497.0,1314.0,-0.085,-0.058,0.041,0.782
195,24.467,-5.076,-62.51,23.09,2.005,-20.397,-5.6,-3.6,7.6,-1.4,-2.9,0.0,34261.4,-1851.0,-2227.0,1737.0,-0.081,-0.049,0.024,0.782
196,24.513,-4.508,-61.363,24.293,1.432,-18.621,-5.3,-3.5,7.4,-1.1,-2.8,0.0,34541.4,-3320.0,-3598.0,2144.0,-0.08,-0.039,0.007,0.783
197,24.784,-4.351,-60.271,27.559,2.521,-17.647,-5.1,-3.5,7.2,-0.9,-2.7,0.0,34811.7,-269.0,-329.0,2506.0,-0.076,-0.029,-0.008,0.783
198,24.712,-3.679,-59.284,26.299,2.177,-15.241,-4.8,-3.4,7.1,-0.7,-2.7,0.0,35080.0,-3964.0,243.0,3042.0,-0.075,-0.018000000000000002,-0.023,0.782
199,25.11,-3.603,-58.409,29.507,2.349,-14.84,-4.5,-3.4,6.9,-0.5,-2.5,0.0,35491.2,621.0,-206.0,6392.0,-0.07200000000000001,-0.01,-0.043000000000000003,0.781
200,24.328,-3.219,-57.496,29.565,4.87,-14.496,-4.2,-3.3,6.8,-0.4,-2.5,0.0,35777.3,-774.0,718.0,6342.0,-0.073,-0.012,-0.043000000000000003,0.781
201,23.506,-3.125,-56.714,29.679,5.615,-13.006,-4.0,-3.2,6.6,-0.2,-2.4,0.0,36002.5,-88.0,-5137.0,6424.0,-0.07100000000000001,-0.004,-0.056,0.781
202,23.002,-3.128,-56.019,31.283,6.131,-11.459,-3.6,-3.2,6.5,-0.1,-2.3,0.0,36206.2,-221.0,-3024.0,6440.0,-0.07,0.0,-0.067,0.78
203,21.679,-3.37,-55.299,29.164,6.016,-11.23,-3.4,-3.1,6.4,-0.0,-2.2,0.0,35892.5,-119.0,1291.0,6486.0,-0.065,0.003,-0.064,0.782
204,20.213,-3.081,-54.705,28.877,5.214,-9.568,-3.1,-3.0,6.3,0.2,-2.2,0.0,36089.8,332.0,-1742.0,6604.0,-0.065,0.013000000000000001,-0.075,0.781
205,20.268,-3.418,-54.168,25.497,3.61,-8.365,-2.8,-2.9,6.2,0.3,-2.2,0.0,36257.2,-1538.0,-4990.0,6618.0,-0.064,0.018000000000000002,-0.085,0.781
206,19.398,-3.671,-53.69,22.976,7.105,-8.079,-2.6,-2.9,6.1,0.4,-2.1,0.0,36450.6,1438.0,-3062.0,6732.0,-0.061,0.022,-0.096,0.78
207,18.708,-3.458,-53.295,21.314,6.99,-7.162,-2.4,-2.8,6.1,0.6,-2.1,0.0,36605.0,56.0,-406.0,6752.0,-0.061,0.031,-0.10400000000000001,0.779
208,18.917,-3.866,-52.915,19.309,4.985,-7.047,-2.2,-2.7,6.0,0.7,-2.0,0.0,36730.7,755.0,-5547.0,6696.0,-0.057,0.036000000000000004,-0.112,0.778
209,18.401,-3.495,-52.57,18.908,8.709,-6.532,-2.0,-2.6,5.9,0.8,-1.9,0.0,36836.5,1237.0,-953.0,6809.0,-0.057,0.04,-0.11800000000000001,0.776
210,18.04,-3.991,-52.222,17.991,5.5,-4.641,-1.8,-2.5,5.9,0.8,-1.9,0.0,36960.0,1647.0,-558.0,6922.0,-0.057,0.042,-0.125,0.775
211,16.925,-4.408,-51.899,19.251,5.386,-4.183,-1.7,-2.4,5.8,0.9,-1.8,0.0,36592.8,441.0,-2851.0,6924.0,-0.053,0.045,-0.11800000000000001,0.777
212,16.337,-4.317,-51.725,18.449,9.454,-4.183,-1.5,-2.4,5.8,1.0,-1.9,0.0,36672.7,-1058.0,-2083.0,6840.0,-0.054,0.05,-0.123,0.775
213,16.202,-5.134,-51.492,16.558,7.277,-4.24,-1.3,-2.3,5.7,1.1,-1.8,0.0,36792.2,695.0,-1966.0,6899.0,-0.051000000000000004,0.054,-0.13,0.774
214,15.741,-5.082,-51.313,17.819,4.87,-3.266,-1.1,-2.2,5.7,1.1,-1.7,0.0,36844.0,1226.0,-2791.0,7026.0,-0.048,0.054,-0.134,0.773
215,14.751,-4.896,-51.188,16.501,7.047,-3.323,-1.0,-2.1,5.7,1.1,-1.7,0.0,36972.3,-572.0,-3643.0,6969.0,-0.047,0.057,-0.136,0.772
216,14.182,-5.208,-51.026,17.074,5.5,-2.12,-0.8,-2.1,5.7,1.2,-1.7,0.0,36901.0,2678.0,-3565.0,7075.0,-0.048,0.059000000000000004,-0.14100000000000001,0.771
217,13.587,-5.777,-50.892,13.751,6.188,-2.464,-0.7,-2.0,5.6,1.2,-1.6,0.0,37014.6,1902.0,685.0,7067.0,-0.045,0.061,-0.147,0.769
218,13.013,-5.6,-50.809,14.381,4.813,-2.693,-0.6,-1.9,5.6,1.3,-1.7,0.0,37055.4,123.0,-1285.0,7072.0,-0.048,0.065,-0.15,0.768
219,13.11,-6.432,-51.925,14.61,3.896,-1.318,-0.4,-1.9,5.6,1.4,-1.6,0.0,37118.2,1848.0,-5035.0,7212.0,-0.045,0.067,-0.17,0.764
220,12.587,-6.319,-50.693,12.72,4.125,-1.776,-0.3,-1.8,5.6,1.3,-1.8,0.0,37822.1,-203.0,-4845.0,7059.0,-0.051000000000000004,0.063,-0.177,0.762
221,11.239,-7.7,-50.529,13.35,4.985,-2.063,-0.2,-1.7,5.5,1.3,-1.8,0.0,37831.4,1206.0,-3745.0,7075.0,-0.05,0.065,-0.178,0.76
222,10.794,-7.974,-50.443,11.23,4.354,-1.146,-0.1,-1.7,5.5,1.2,-1.7,0.0,37952.1,526.0,-1659.0,7112.0,-0.049,0.063,-0.183,0.758
223,9.681,-8.184,-51.109,12.49,3.438,-0.802,0.1,-1.7,5.5,1.4,-1.8,0.0,37920.8,333.0,-1007.0,7107.0,-0.051000000000000004,0.067,-0.194,0.755
224,9.7,-8.724,-50.385,12.834,2.406,-0.172,0.2,-1.6,5.5,1.3,-1.7,0.0,38282.3,1291.0,-85.0,7309.0,-0.048,0.066,-0.192,0.753
225,8.726,-8.468,-50.416,11.402,2.12,-0.974,0.3,-1.6,5.5,1.3,-1.7,0.0,38366.9,-697.0,-4504.0,7135.0,-0.047,0.065,-0.196,0.751
226,7.83,-8.589,-50.384,11.516,2.922,-0.974,0.4,-1.5,5.5,1.3,-1.7,0.0,38423.4,-479.0,-5368.0,7147.0,-0.046,0.064,-0.198,0.749
227,6.948,-8.817,-50.357,11.574,3.782,-0.057,0.5,-1.5,5.5,1.3,-1.7,0.0,38541.6,3558.0,-3347.0,7270.0,-0.046,0.065,-0.197,0.748
228,6.491,-9.001,-50.388,5.099,4.011,-0.458,0.6,-1.4,5.5,1.2,-1.6,0.0,38323.5,563.0,-2968.0,7359.0,-0.043000000000000003,0.064,-0.195,0.746
229,6.104,-8.859,-50.438,6.417,3.552,0.344,0.6,-1.4,5.5,1.2,-1.8,0.0,38365.7,154.0,-954.0,7113.0,-0.05,0.064,-0.197,0.744
230,5.795,-10.322,-50.433,4.584,2.578,1.031,0.7,-1.3,5.4,1.2,-1.7,0.0,38439.9,152.0,-3180.0,7506.0,-0.047,0.063,-0.199,0.742
231,5.375,-10.126,-50.543,4.641,5.844,0.344,0.7,-1.3,5.4,1.0,-1.9,0.0,38426.1,1285.0,-3022.0,6921.0,-0.055,0.055,-0.213,0.737
232,3.782,-12.055,-50.476,4.412,0.974,0.802,0.8,-1.2,5.4,1.0,-1.9,0.0,38915.3,3680.0,-2536.0,7589.0,-0.053,0.054,-0.212,0.735
233,3.376,-11.852,-50.574,2.807,3.151,0.688,0.8,-1.2,5.5,1.1,-2.0,0.0,38895.1,138.0,744.0,7473.0,-0.059000000000000004,0.056,-0.211,0.733
234,3.767,-13.223,-50.607,1.948,0.573,0.917,0.8,-1.1,5.4,1.0,-2.0,0.0,38901.3,968.0,30.0,7580.0,-0.057,0.055,-0.21,0.731
235,3.404,-13.06,-50.704,-0.859,0.0,1.089,0.8,-1.1,5.4,0.9,-2.3,0.0,38774.2,-956.0,-3704.0,7499.0,-0.068,0.05,-0.197,0.73
236,2.89,-15.221,-50.678,-1.833,0.344,1.146,0.8,-1.1,5.4,0.9,-2.2,0.0,38508.6,-121.0,-5616.0,7659.0,-0.066,0.049,-0.196,0.728
237,2.794,-15.059,-50.793,-2.349,-0.516,1.776,0.8,-1.1,5.5,0.9,-2.3,0.0,38610.5,-758.0,-3221.0,7715.0,-0.069,0.047,-0.2,0.726
238,2.589,-15.706,-50.899,-0.516,-0.63,0.974,0.8,-1.1,5.5,0.8,-2.3,0.0,38498.6,-341.0,-1440.0,7646.0,-0.067,0.045,-0.195,0.724
239,2.447,-15.439,-51.043,2.521,-1.948,0.802,0.8,-1.1,5.5,0.7,-2.2,0.0,38532.5,906.0,-5157.0,7658.0,-0.064,0.04,-0.189,0.723
240,1.383,-15.026,-51.139,0.458,-2.063,0.917,0.8,-1.1,5.5,0.6,-2.3,0.0,38294.7,-227.0,-5563.0,7713.0,-0.067,0.035,-0.188,0.721
241,0.655,-15.444,-51.197,3.896,-4.183,0.688,0.9,-1.1,5.5,0.6,-2.2,0.0,38228.5,564.0,-2825.0,7590.0,-0.064,0.035,-0.185,0.72
242,0.428,-14.68,-51.319,1.49,-4.584,-0.688,0.9,-1.2,5.5,0.5,-2.3,0.0,38245.6,2246.0,1501.0,7612.0,-0.068,0.033,-0.186,0.718
243,-0.043,-15.283,-51.309,-1.261,-1.547,0.745,0.9,-1.2,5.5,0.5,-2.3,0.0,38179.4,-398.0,1714.0,7643.0,-0.067,0.031,-0.183,0.716
244,-0.276,-15.097,-51.404,-0.63,-3.724,-0.458,0.9,-1.2,5.5,0.4,-2.3,0.0,38551.0,919.0,-2842.0,7590.0,-0.066,0.029,-0.194,0.713
245,-0.49,-14.733,-51.445,-2.12,-3.552,0.172,0.8,-1.2,5.5,0.4,-2.3,0.0,38488.1,913.0,-3607.0,7537.0,-0.067,0.028,-0.191,0.711
246,-0.561,-14.758,-51.477,-1.146,-4.698,0.172,0.8,-1.3,5.5,0.4,-2.3,0.0,38458.5,-1212.0,-2250.0,7580.0,-0.067,0.026000000000000002,-0.19,0.709
247,-0.739,-14.754,-51.516,-0.688,-4.469,-0.229,0.8,-1.3,5.5,0.3,-2.3,0.0,38545.1,-562.0,-4169.0,7551.0,-0.065,0.023,-0.192,0.707
248,-1.378,-14.367,-51.533,0.172,-2.464,-0.401,0.8,-1.3,5.5,0.2,-2.2,0.0,38459.8,-1427.0,-6385.0,7571.0,-0.063,0.021,-0.189,0.705
249,-1.64,-13.966,-51.562,-1.662,-1.432,-0.516,0.8,-1.3,5.5,0.2,-2.2,0.0,38415.2,-366.0,-4944.0,7565.0,-0.059000000000000004,0.018000000000000002,-0.189,0.7010000000000001
250,-1.779,-13.613,-51.584,-4.469,-1.261,-1.031,0.8,-1.3,5.4,0.2,-2.3,0.0,38488.3,887.0,-764.0,7437.0,-0.062,0.017,-0.188,0.6990000000000001
251,-1.676,-14.094,-51.547,-2.979,-0.63,-0.229,0.8,-1.4,5.4,0.0,-2.3,0.0,38477.3,2007.0,203.0,7486.0,-0.063,0.012,-0.187,0.6970000000000001
252,-2.497,-14.316,-51.531,-3.495,-1.318,-0.917,0.7,-1.4,5.4,-0.0,-2.3,0.0,38902.3,993.0,-3242.0,7585.0,-0.062,0.011,-0.198,0.6930000000000001
253,-2.427,-14.089,-51.532,-5.615,-0.917,-0.974,0.7,-1.4,5.4,-0.1,-2.3,0.0,38892.6,-1508.0,-1701.0,7509.0,-0.063,0.008,-0.2,0.6910000000000001
254,-2.561,-14.335,-51.5,-3.38,-1.49,-0.63,0.6,-1.4,5.4,-0.1,-2.3,0.0,38970.9,394.0,-3992.0,7481.0,-0.064,0.005,-0.197,0.6890000000000001
255,-2.865,-14.486,-51.488,-2.865,-0.859,-0.401,0.6,-1.4,5.4,-0.2,-2.3,0.0,38896.9,-1485.0,-1992.0,7655.0,-0.061,0.004,-0.197,0.687
256,-2.875,-14.1,-51.511,-3.782,-3.552,-0.745,0.6,-1.4,5.4,-0.3,-2.2,0.0,38992.0,-798.0,-3715.0,7651.0,-0.06,0.002,-0.199,0.687
257,-3.229,-13.336,-51.518,-3.667,-4.183,-0.229,0.5,-1.4,5.4,-0.3,-2.2,0.0,39016.3,-703.0,-6090.0,7558.0,-0.062,0.001,-0.198,0.685
258,-3.032,-13.677,-51.515,-2.693,-2.521,-1.375,0.5,-1.4,5.4,-0.3,-2.2,0.0,38917.1,130.0,-5550.0,7557.0,-0.06,0.001,-0.193,0.683
259,-3.008,-13.177,-51.479,-2.12,-1.146,-1.891,0.5,-1.5,5.3,-0.4,-2.3,0.0,38931.0,2508.0,-2237.0,7404.0,-0.062,-0.003,-0.193,0.681
260,-3.568,-13.671,-51.383,-6.245,0.688,-0.802,0.4,-1.4,5.3,-0.4,-2.2,0.0,39406.0,1361.0,-640.0,7664.0,-0.059000000000000004,-0.005,-0.20600000000000002,0.676
261,-3.515,-13.197,-51.384,-7.105,0.0,-1.089,0.4,-1.4,5.3,-0.5,-2.3,0.0,39378.1,1289.0,-2299.0,7526.0,-0.062,-0.007,-0.20400000000000001,0.674
262,-3.383,-13.866,-51.344,-4.87,0.344,-1.261,0.3,-1.4,5.3,-0.5,-2.3,0.0,39443.9,-63.0,-4418.0,7472.0,-0.063,-0.009000000000000001,-0.20500000000000002,0.672
263,-3.451,-14.234,-51.272,-4.183,1.318,-0.63,0.3,-1.4,5.3,-0.6,-2.3,0.0,39338.1,575.0,-1039.0,7642.0,-0.062,-0.011,-0.199,0.67
264,-3.558,-14.267,-51.246,-3.209,2.12,-0.974,0.3,-1.4,5.3,-0.6,-2.3,0.0,39402.5,85.0,-1784.0,7628.0,-0.061,-0.01,-0.19,0.67
265,-3.285,-14.299,-51.237,-4.354,1.318,-1.146,0.2,-1.3,5.3,-0.7,-2.2,0.0,39011.2,-1857.0,-4488.0,7554.0,-0.058,-0.014,-0.188,0.668
266,-3.853,-14.008,-51.2,-3.61,-2.693,-0.63,0.2,-1.3,5.2,-0.7,-2.1,0.0,38922.9,-2740.0,-5568.0,7733.0,-0.057,-0.014,-0.183,0.666
267,-3.626,-13.799,-51.209,-2.922,-1.833,-1.375,0.2,-1.3,5.2,-0.7,-2.2,0.0,38921.5,-216.0,-6586.0,7487.0,-0.057,-0.016,-0.182,0.665
268,-3.802,-14.043,-51.146,-5.386,0.286,-0.974,0.1,-1.3,5.2,-0.8,-2.2,0.0,38964.3,1289.0,-4697.0,7542.0,-0.056,-0.02,-0.184,0.663
269,-4.175,-14.038,-51.088,-7.907,1.031,-1.833,0.0,-1.3,5.2,-0.8,-2.1,0.0,38950.6,692.0,-2547.0,7562.0,-0.056,-0.02,-0.181,0.661
270,-3.875,-14.055,-51.018,-8.079,-0.057,-1.604,-0.0,-1.3,5.2,-0.8,-2.2,0.0,38839.0,2022.0,-4002.0,7592.0,-0.057,-0.019,-0.176,0.659
271,-3.034,-14.454,-50.967,-8.766,1.547,-1.318,-0.1,-1.3,5.2,-0.9,-2.1,0.0,38917.2,-183.0,-2853.0,7594.0,-0.054,-0.021,-0.178,0.657
272,-3.051,-14.153,-50.913,-6.474,1.146,-0.974,-0.2,-1.3,5.1,-0.8,-2.1,0.0,38889.4,1873.0,-2692.0,7705.0,-0.054,-0.02,-0.17200000000000001,0.656
273,-2.327,-14.197,-50.899,-4.011,3.495,-1.031,-0.2,-1.2,5.1,-1.0,-2.1,0.0,38682.8,1194.0,-1393.0,7478.0,-0.054,-0.026000000000000002,-0.169,0.654
274,-3.158,-14.478,-50.831,-6.016,1.719,-0.573,-0.2,-1.2,5.1,-0.9,-2.2,0.0,38694.1,16.0,-1815.0,7703.0,-0.056,-0.024,-0.169,0.653
275,-2.512,-15.059,-50.812,-1.604,11.803,-1.089,-0.3,-1.1,5.1,-1.1,-2.3,0.0,38594.0,3396.0,2039.0,7681.0,-0.059000000000000004,-0.031,-0.164,0.651
276,-3.51,-16.422,-50.73,-6.704,5.959,-1.261,-0.3,-1.0,5.1,-1.1,-2.2,0.0,38749.0,-1405.0,-6154.0,7613.0,-0.058,-0.031,-0.17,0.649
277,-3.213,-16.547,-50.712,-5.959,1.891,-0.802,-0.4,-1.0,5.1,-1.1,-2.2,0.0,38815.2,-607.0,-5356.0,7723.0,-0.056,-0.03,-0.17200000000000001,0.648
278,-2.799,-16.457,-50.718,-6.646,0.0,-0.172,-0.4,-1.0,5.1,-1.0,-2.2,0.0,38712.3,323.0,-3901.0,7840.0,-0.056,-0.027,-0.167,0.646
279,-1.952,-16.517,-50.769,-3.839,-0.917,-0.401,-0.5,-1.0,5.1,-1.1,-2.2,0.0,38813.5,1226.0,-6204.0,7667.0,-0.058,-0.031,-0.17,0.644
280,-2.243,-16.93,-50.762,-5.73,-0.458,-0.344,-0.5,-1.0,5.1,-1.2,-2.2,0.0,38764.9,492.0,-6904.0,7748.0,-0.057,-0.031,-0.166,0.643
281,-1.937,-16.993,-50.772,-6.417,-7.162,-0.688,-0.6,-1.0,5.1,-1.1,-2.2,0.0,38725.5,-2360.0,-10941.0,7768.0,-0.055,-0.033,-0.166,0.641
282,-2.195,-16.791,-50.763,-5.099,3.037,-1.031,-0.6,-1.0,5.0,-1.1,-2.2,0.0,38631.6,1097.0,-5075.0,7739.0,-0.054,-0.032,-0.161,0.64
283,-1.725,-16.681,-50.767,-3.724,1.318,-0.859,-0.7,-0.9,5.0,-1.1,-2.3,0.0,38495.1,944.0,-3773.0,7718.0,-0.055,-0.031,-0.155,0.638
284,-1.368,-16.938,-50.755,-3.037,2.865,-1.776,-0.7,-0.9,5.0,-1.1,-2.3,0.0,38581.5,1909.0,-5045.0,7682.0,-0.057,-0.031,-0.158,0.636
285,-1.295,-17.668,-50.677,-2.979,2.349,-1.49,-0.7,-0.9,5.0,-1.2,-2.3,0.0,39066.8,-168.0,-4034.0,7689.0,-0.058,-0.032,-0.171,0.632
286,-1.295,-18.018,-50.632,-3.323,1.089,-0.688,-0.7,-0.9,5.0,-1.2,-2.3,0.0,39117.5,535.0,-3147.0,7767.0,-0.058,-0.035,-0.17200000000000001,0.63
287,-1.637,-18.207,-50.598,1.089,8.824,-0.688,-0.7,-0.8,5.0,-1.2,-2.3,0.0,39117.5,-1142.0,-4585.0,7732.0,-0.06,-0.034,-0.17300000000000001,0.628
288,-1.481,-18.95,-50.572,-2.005,1.203,-1.261,-0.7,-0.8,5.0,-1.2,-2.3,0.0,39179.4,287.0,-6407.0,7691.0,-0.058,-0.034,-0.17500000000000002,0.626
289,-1.478,-18.79,-50.532,-3.495,-1.203,-1.146,-0.8,-0.8,4.9,-1.2,-2.3,0.0,39269.8,-375.0,-5843.0,7703.0,-0.06,-0.034,-0.171,0.627
290,-1.317,-19.168,-50.503,-0.172,-1.375,-0.974,-0.8,-0.8,4.9,-1.2,-2.3,0.0,39096.6,1823.0,-7149.0,7667.0,-0.059000000000000004,-0.035,-0.171,0.625
291,-1.425,-19.213,-50.463,-3.094,0.286,-1.604,-0.8,-0.8,4.9,-1.2,-2.3,0.0,39111.2,1002.0,-3777.0,7657.0,-0.06,-0.035,-0.17,0.623
292,-1.301,-19.322,-50.405,-3.438,-1.203,-1.375,-0.8,-0.8,4.9,-1.2,-2.3,0.0,39114.2,848.0,-3925.0,7797.0,-0.059000000000000004,-0.035,-0.17,0.621
293,-1.115,-19.255,-50.388,-4.756,-1.261,-0.63,-0.9,-0.8,4.9,-1.2,-2.3,0.0,39139.0,1506.0,-2296.0,7765.0,-0.059000000000000004,-0.034,-0.168,0.62
294,-0.82,-19.145,-50.379,-1.719,-2.12,-1.604,-0.9,-0.8,4.9,-1.3,-2.4,0.0,39125.3,1422.0,-831.0,7704.0,-0.059000000000000004,-0.035,-0.17200000000000001,0.618
295,-0.765,-19.008,-50.321,-2.865,0.0,-1.948,-0.9,-0.8,4.8,-1.2,-2.4,0.0,39258.1,291.0,-4834.0,7537.0,-0.064,-0.037,-0.169,0.616
296,-1.046,-19.915,-50.224,-3.38,-0.172,-1.203,-1.0,-0.8,4.8,-1.2,-2.4,0.0,39219.8,564.0,-2386.0,7787.0,-0.062,-0.036000000000000004,-0.166,0.615
297,-0.617,-19.734,-50.195,-4.756,2.464,-1.547,-1.0,-0.8,4.8,-1.0,-2.4,0.0,39169.4,4084.0,-3547.0,7733.0,-0.065,-0.029,-0.17500000000000002,0.612
298,0.904,-20.179,-50.198,-4.927,-1.146,-1.089,-1.0,-0.8,4.8,-1.2,-2.4,0.0,39467.6,542.0,-3382.0,7814.0,-0.064,-0.033,-0.17500000000000002,0.61
299,0.393,-20.159,-50.129,-4.011,-2.12,-1.089,-1.1,-0.8,4.8,-1.1,-2.4,0.0,39503.0,2196.0,-1886.0,7809.0,-0.064,-0.033,-0.178,0.608
300,0.684,-20.092,-50.106,-3.266,-1.604,-1.203,-1.1,-0.8,4.8,-1.2,-2.4,0.0,39612.8,1944.0,-1764.0,7749.0,-0.063,-0.034,-0.177,0.607
301,0.477,-20.07,-50.041,-2.922,-1.547,-1.49,-1.1,-0.8,4.8,-1.1,-2.5,0.0,39632.8,-992.0,-5017.0,7705.0,-0.065,-0.032,-0.163,0.607
302,1.125,-20.399,-49.984,-2.979,-7.506,-1.031,-1.1,-0.8,4.7,-1.2,-2.4,0.0,39210.1,-317.0,-8915.0,7660.0,-0.063,-0.033,-0.165,0.605
303,0.809,-19.982,-49.918,0.172,-1.719,-2.005,-1.1,-0.8,4.7,-1.1,-2.4,0.0,39275.4,1951.0,-3640.0,7669.0,-0.063,-0.031,-0.158,0.604
304,1.186,-19.809,-49.837,-0.286,-2.292,-2.922,-1.1,-0.9,4.7,-1.0,-2.5,0.0,39147.7,1526.0,-5040.0,7565.0,-0.065,-0.029,-0.161,0.602
305,1.571,-20.08,-49.702,0.229,-7.047,-3.724,-1.1,-0.9,4.7,-1.1,-2.4,0.0,39250.5,-630.0,-6528.0,7431.0,-0.063,-0.029,-0.156,0.601
306,1.435,-19.571,-49.51,4.068,-3.552,-3.552,-1.1,-0.9,4.6,-1.0,-2.4,0.0,39109.9,-226.0,-6584.0,7480.0,-0.062,-0.027,-0.151,0.6
307,1.45,-19.173,-49.337,4.813,-6.818,-2.865,-1.0,-1.0,4.6,-1.0,-2.3,0.0,39016.5,-421.0,-10594.0,7435.0,-0.062,-0.028,-0.145,0.598
308,1.258,-18.679,-49.153,4.985,-2.636,-3.724,-1.0,-1.0,4.5,-1.0,-2.3,0.0,38684.5,-542.0,-5951.0,7462.0,-0.061,-0.027,-0.135,0.597
309,1.169,-18.341,-48.979,6.073,-5.5,-3.782,-0.9,-1.1,4.5,-1.0,-2.3,0.0,38553.2,298.0,-5256.0,7350.0,-0.06,-0.026000000000000002,-0.129,0.595
310,0.933,-17.799,-48.803,6.016,-6.188,-4.698,-0.9,-1.1,4.4,-0.9,-2.2,0.0,38545.5,4075.0,-4444.0,7276.0,-0.058,-0.024,-0.128,0.594
311,0.857,-17.197,-48.568,4.412,-6.704,-4.011,-0.8,-1.2,4.4,-1.1,-2.3,0.0,38466.2,-842.0,-4119.0,7431.0,-0.06,-0.03,-0.125,0.593
312,-0.447,-17.298,-48.304,6.933,-7.735,-3.438,-0.7,-1.3,4.4,-1.1,-2.3,0.0,38424.5,1308.0,-6326.0,7370.0,-0.06,-0.029,-0.123,0.592
313,-0.816,-16.952,-48.114,6.188,-1.948,-4.354,-0.7,-1.3,4.3,-1.0,-2.3,0.0,38500.9,-969.0,1716.0,7287.0,-0.059000000000000004,-0.028,-0.14200000000000002,0.587
314,-1.053,-16.413,-47.889,4.297,-2.177,-4.412,-0.6,-1.3,4.3,-1.1,-2.5,0.0,39076.4,1920.0,4602.0,7338.0,-0.069,-0.03,-0.14200000000000002,0.586
315,-1.588,-18.0,-47.624,2.005,-9.568,-3.151,-0.6,-1.4,4.2,-1.1,-2.4,0.0,39260.8,423.0,-2135.0,7376.0,-0.064,-0.031,-0.148,0.584
316,-2.016,-16.706,-47.451,-0.516,-9.855,-2.521,-0.6,-1.5,4.2,-1.1,-2.4,0.0,39340.9,-2332.0,-8588.0,7295.0,-0.064,-0.029,-0.15,0.583
317,-1.878,-16.219,-47.3,2.865,-3.839,-3.094,-0.5,-1.5,4.2,-1.0,-2.4,0.0,39256.8,874.0,-3429.0,7370.0,-0.064,-0.029,-0.156,0.579
318,-1.978,-16.14,-47.162,-0.344,-3.209,-2.177,-0.5,-1.5,4.1,-1.1,-2.3,0.0,39544.7,-649.0,-4926.0,7331.0,-0.06,-0.029,-0.152,0.578
319,-2.199,-15.316,-47.044,0.172,-2.177,-3.151,-0.5,-1.5,4.1,-1.1,-2.3,0.0,39486.2,-728.0,-6171.0,7219.0,-0.06,-0.03,-0.149,0.5760000000000001
320,-2.464,-15.412,-46.873,0.115,-1.547,-3.037,-0.5,-1.5,4.1,-1.1,-2.2,0.0,39473.7,1289.0,-6226.0,7287.0,-0.059000000000000004,-0.029,-0.147,0.5750000000000001
321,-2.309,-15.143,-46.712,5.443,-2.235,-4.698,-0.5,-1.6,4.0,-1.1,-2.2,0.0,39554.6,1697.0,-9191.0,7115.0,-0.057,-0.031,-0.14300000000000002,0.5740000000000001
322,-2.904,-14.865,-46.466,-1.833,3.266,-3.953,-0.5,-1.5,4.0,-1.1,-2.1,0.0,39281.9,760.0,-5141.0,7238.0,-0.054,-0.03,-0.139,0.5730000000000001
323,-2.689,-14.617,-46.287,-3.037,0.057,-2.063,-0.5,-1.5,4.0,-1.3,-2.1,0.0,39349.7,-1120.0,-8117.0,7248.0,-0.052000000000000005,-0.039,-0.14100000000000001,0.5720000000000001
324,-4.132,-14.493,-46.104,-3.266,1.318,-2.979,-0.5,-1.5,3.9,-1.3,-2.0,0.0,39219.1,-2.0,-3214.0,7279.0,-0.05,-0.037,-0.135,0.5700000000000001
325,-3.891,-14.204,-45.957,-0.688,0.688,-3.323,-0.5,-1.5,3.9,-1.3,-2.0,0.0,39348.4,267.0,-5463.0,7201.0,-0.049,-0.038,-0.132,0.5700000000000001
326,-4.015,-14.192,-45.783,-0.974,-0.172,-2.979,-0.5,-1.5,3.9,-1.4,-1.9,0.0,39094.4,267.0,-4853.0,7285.0,-0.045,-0.041,-0.131,0.5690000000000001
327,-4.502,-13.619,-45.619,-1.432,-0.917,-2.521,-0.5,-1.5,3.8,-1.4,-1.9,0.0,39052.7,1524.0,-1817.0,7305.0,-0.046,-0.039,-0.128,0.5680000000000001
328,-4.137,-13.725,-45.515,-4.297,-1.203,-2.807,-0.6,-1.5,3.8,-1.4,-1.9,0.0,39002.6,1875.0,-2279.0,7260.0,-0.043000000000000003,-0.041,-0.126,0.5660000000000001
329,-4.352,-13.12,-45.366,-3.495,-1.662,-3.037,-0.6,-1.5,3.8,-1.4,-1.8,0.0,38985.2,-812.0,-414.0,7174.0,-0.04,-0.04,-0.11900000000000001,0.5660000000000001
330,-4.05,-12.642,-45.218,-2.406,2.807,-3.151,-0.6,-1.5,3.7,-1.4,-1.9,0.0,38739.7,101.0,-1146.0,7204.0,-0.046,-0.04,-0.116,0.5650000000000001
331,-3.844,-13.814,-45.066,-1.547,0.0,-3.209,-0.6,-1.5,3.7,-1.4,-2.0,0.0,38765.0,439.0,-3089.0,7155.0,-0.047,-0.04,-0.116,0.5640000000000001
332,-3.861,-14.039,-44.903,-0.745,-1.547,-2.464,-0.6,-1.5,3.7,-1.4,-1.9,0.0,38729.7,-379.0,-432.0,7245.0,-0.044,-0.039,-0.114,0.562
333,-3.727,-13.608,-44.782,2.005,0.0,-3.323,-0.6,-1.5,3.6,-1.5,-2.0,0.0,38633.5,752.0,32.0,7065.0,-0.047,-0.046,-0.11,0.561
334,-5.113,-14.327,-44.558,-1.662,-0.172,-3.323,-0.6,-1.5,3.6,-1.5,-1.9,0.0,38596.6,-1726.0,-3743.0,7095.0,-0.045,-0.045,-0.11,0.561
335,-4.912,-13.981,-44.395,-0.286,-1.833,-2.406,-0.6,-1.5,3.6,-1.5,-1.7,0.0,38499.9,-1026.0,-3010.0,7270.0,-0.038,-0.045,-0.106,0.56
336,-5.018,-12.836,-44.283,-0.516,0.115,-2.177,-0.6,-1.5,3.6,-1.5,-1.7,0.0,38496.3,-608.0,-3482.0,7157.0,-0.035,-0.045,-0.105,0.559
337,-5.086,-12.309,-44.179,-1.948,-1.833,-2.177,-0.6,-1.5,3.5,-1.6,-1.7,0.0,38460.2,-685.0,-2646.0,7226.0,-0.036000000000000004,-0.047,-0.10400000000000001,0.558
338,-5.422,-12.444,-44.06,-2.235,-4.24,-2.865,-0.6,-1.5,3.5,-1.6,-1.6,0.0,38539.2,2058.0,-6856.0,7150.0,-0.033,-0.046,-0.106,0.556
339,-5.104,-11.95,-43.939,-2.12,4.469,-2.063,-0.6,-1.5,3.5,-1.6,-1.6,0.0,38493.5,-825.0,-1896.0,7109.0,-0.032,-0.049,-0.10300000000000001,0.555
340,-5.497,-11.917,-43.83,-4.125,1.948,-1.833,-0.7,-1.5,3.5,-1.7,-1.6,0.0,38330.9,2713.0,339.0,7211.0,-0.031,-0.05,-0.097,0.554
341,-5.547,-11.904,-43.74,-3.667,-0.229,-2.12,-0.7,-1.5,3.4,-1.7,-1.5,0.0,38349.4,912.0,-1081.0,7211.0,-0.028,-0.05,-0.097,0.553
342,-5.253,-11.424,-43.645,-4.526,2.521,-3.094,-0.8,-1.5,3.4,-1.6,-1.4,0.0,38399.5,-1028.0,-774.0,7086.0,-0.026000000000000002,-0.049,-0.099,0.552
343,-4.817,-11.12,-43.498,-3.323,2.235,-2.005,-0.8,-1.4,3.4,-1.7,-1.4,0.0,38291.2,-330.0,-1457.0,7172.0,-0.023,-0.046,-0.095,0.551
344,-4.638,-11.191,-43.395,-3.266,4.813,-2.063,-0.8,-1.4,3.4,-1.6,-1.4,0.0,38308.4,326.0,-288.0,7155.0,-0.023,-0.048,-0.096,0.55
345,-4.644,-11.409,-43.281,-4.125,-1.833,-1.49,-0.9,-1.4,3.3,-1.7,-1.3,0.0,38421.9,3080.0,-235.0,7226.0,-0.021,-0.046,-0.1,0.549
346,-4.228,-11.011,-43.205,-3.724,-0.115,-1.948,-0.9,-1.4,3.3,-1.6,-1.2,0.0,38882.7,119.0,443.0,7318.0,-0.018000000000000002,-0.048,-0.115,0.547
347,-4.364,-10.505,-43.124,-1.261,-2.349,-0.974,-0.9,-1.4,3.3,-1.6,-1.3,0.0,38808.7,-1715.0,-4359.0,7199.0,-0.015,-0.046,-0.111,0.546
348,-4.078,-10.068,-43.067,-1.089,1.031,-2.235,-0.9,-1.4,3.3,-1.6,-1.2,0.0,38793.5,-833.0,-5432.0,7197.0,-0.016,-0.045,-0.11,0.544
349,-3.897,-10.455,-42.979,-1.604,2.464,-1.146,-0.9,-1.4,3.3,-1.6,-1.2,0.0,38909.8,469.0,-3642.0,7237.0,-0.014,-0.045,-0.114,0.543
350,-3.721,-10.307,-42.941,-2.12,1.719,-0.745,-1.0,-1.3,3.3,-1.5,-1.1,0.0,38808.8,-2325.0,-2623.0,7269.0,-0.012,-0.044,-0.11,0.542
351,-3.553,-10.067,-42.918,-0.802,1.776,-1.203,-0.9,-1.3,3.3,-1.6,-1.0,0.0,38864.2,-694.0,-6137.0,7278.0,-0.01,-0.042,-0.111,0.541
352,-3.252,-9.784,-42.884,0.0,3.151,-0.573,-0.9,-1.3,3.2,-1.7,-0.9,0.0,38900.1,-26.0,-7187.0,7324.0,-0.005,-0.046,-0.112,0.54
353,-3.946,-9.169,-42.839,-2.12,4.813,-0.802,-0.9,-1.3,3.2,-1.6,-0.9,0.0,38849.6,-485.0,-2898.0,7280.0,-0.004,-0.047,-0.11,0.539
354,-4.148,-9.151,-42.794,-2.177,2.578,-0.63,-1.0,-1.3,3.2,-1.7,-0.8,0.0,38770.5,1807.0,-1345.0,7314.0,-0.001,-0.045,-0.107,0.538
355,-3.785,-8.912,-42.775,-2.063,0.802,-0.344,-1.0,-1.2,3.2,-1.6,-0.9,0.0,38822.7,-660.0,-3460.0,7452.0,0.0,-0.047,-0.108,0.537
356,-4.115,-8.724,-42.77,-2.693,2.922,-0.401,-1.0,-1.2,3.2,-1.6,-0.8,0.0,38902.0,-1603.0,-2909.0,7374.0,0.0,-0.044,-0.111,0.536
357,-3.613,-8.929,-42.777,-1.547,2.865,-1.261,-1.0,-1.2,3.2,-1.7,-0.8,0.0,38804.2,1345.0,-936.0,7273.0,0.001,-0.043000000000000003,-0.106,0.535
358,-3.296,-8.74,-42.731,-1.375,2.292,-1.432,-1.0,-1.2,3.2,-1.7,-0.7,0.0,38777.6,788.0,125.0,7302.0,0.002,-0.049,-0.096,0.536
359,-4.353,-8.92,-42.63,-3.61,2.406,-1.948,-1.0,-1.1,3.2,-1.6,-0.7,0.0,38549.0,-1480.0,-3076.0,7317.0,0.004,-0.047,-0.099,0.535
360,-3.938,-8.838,-42.568,-0.917,3.782,-0.802,-1.0,-1.1,3.2,-1.6,-0.7,0.0,38491.0,-1199.0,-4179.0,7358.0,0.003,-0.045,-0.096,0.534
361,-3.655,-8.84,-42.55,-0.745,3.38,-0.286,-1.0,-1.0,3.1,-1.6,-0.7,0.0,38545.7,233.0,-3885.0,7350.0,0.005,-0.045,-0.098,0.533
362,-3.399,-9.151,-42.543,1.146,4.469,-1.432,-1.0,-1.0,3.1,-1.6,-0.6,0.0,38496.7,1253.0,-2387.0,7386.0,0.006,-0.044,-0.10200000000000001,0.53
363,-3.293,-9.233,-42.523,1.604,5.672,-1.432,-1.0,-0.9,3.1,-1.6,-0.6,0.0,38787.1,-2290.0,-5394.0,7220.0,0.008,-0.044,-0.10400000000000001,0.529
364,-3.365,-9.435,-42.471,0.917,5.844,-1.261,-1.0,-0.9,3.1,-1.6,-0.6,0.0,38783.1,746.0,-7370.0,7353.0,0.009000000000000001,-0.043000000000000003,-0.10300000000000001,0.528
365,-3.285,-9.321,-42.448,-4.297,6.417,-0.573,-1.1,-0.8,3.1,-1.5,-0.5,0.0,38683.4,494.0,-5367.0,7426.0,0.011,-0.041,-0.099,0.527
366,-2.739,-9.232,-42.458,-4.24,4.412,-0.516,-1.1,-0.8,3.1,-1.5,-0.5,0.0,38814.9,1389.0,-3213.0,7395.0,0.012,-0.04,-0.10300000000000001,0.526
367,-2.219,-9.258,-42.464,-4.354,3.495,-0.745,-1.2,-0.7,3.1,-1.3,-0.5,0.0,38776.9,661.0,-4224.0,7506.0,0.012,-0.032,-0.101,0.525
368,-0.784,-9.485,-42.489,0.229,0.115,-0.688,-1.2,-0.7,3.1,-1.3,-0.4,0.0,38880.1,1250.0,-4897.0,7423.0,0.013000000000000001,-0.032,-0.105,0.524
369,-0.652,-9.385,-42.477,-1.604,3.38,-0.859,-1.2,-0.7,3.1,-1.3,-0.4,0.0,38830.5,1352.0,-1605.0,7433.0,0.014,-0.031,-0.10200000000000001,0.523
370,-0.384,-9.452,-42.47,2.12,4.526,-0.917,-1.2,-0.7,3.1,-1.3,-0.4,0.0,38804.3,1732.0,30.0,7366.0,0.014,-0.032,-0.101,0.522
371,-0.75,-9.638,-42.436,-2.177,5.214,-0.917,-1.2,-0.6,3.1,-1.3,-0.4,0.0,38918.4,-511.0,-2136.0,7389.0,0.014,-0.031,-0.105,0.521
372,-0.512,-9.906,-42.411,0.63,3.724,-0.917,-1.2,-0.6,3.1,-1.2,-0.4,0.0,38844.6,-1381.0,-3754.0,7340.0,0.015,-0.029,-0.101,0.52
373,-0.235,-9.992,-42.378,0.573,3.094,-1.375,-1.2,-0.6,3.0,-1.2,-0.3,0.0,38911.0,-564.0,-3532.0,7239.0,0.02,-0.029,-0.10300000000000001,0.519
374,-0.387,-9.313,-42.298,0.458,4.297,-1.604,-1.2,-0.5,3.0,-1.2,-0.2,0.0,38865.6,-547.0,-2753.0,7276.0,0.021,-0.027,-0.1,0.518
375,-0.148,-9.407,-42.23,1.146,0.974,-1.719,-1.1,-0.5,3.0,-1.2,-0.3,0.0,39098.0,-2330.0,-6015.0,7197.0,0.02,-0.028,-0.107,0.516
376,-0.468,-9.723,-42.13,0.745,0.974,-1.318,-1.1,-0.5,3.0,-1.1,-0.2,0.0,39079.5,-1680.0,-6336.0,7313.0,0.021,-0.026000000000000002,-0.105,0.515
377,-0.245,-9.699,-42.069,-0.688,0.344,-1.604,-1.1,-0.5,3.0,-1.1,-0.2,0.0,38971.8,-2214.0,-5091.0,7321.0,0.022,-0.024,-0.1,0.514
378,0.032,-9.604,-42.019,1.203,0.286,-1.662,-1.1,-0.5,3.0,-1.1,-0.2,0.0,39035.7,1029.0,-4817.0,7191.0,0.025,-0.026000000000000002,-0.10200000000000001,0.513
379,-0.407,-9.182,-41.928,-0.516,-0.229,-1.948,-1.1,-0.5,2.9,-1.1,-0.1,0.0,38805.2,-2035.0,-5105.0,7275.0,0.025,-0.024,-0.095,0.513
380,-0.157,-9.058,-41.853,0.401,-2.807,-0.401,-1.1,-0.5,2.9,-1.1,-0.1,0.0,38869.5,-160.0,-6091.0,7425.0,0.026000000000000002,-0.024,-0.097,0.512
381,-0.331,-8.777,-41.836,0.0,0.344,-1.49,-1.1,-0.5,2.9,-1.1,-0.1,0.0,38780.1,-89.0,-2245.0,7321.0,0.027,-0.022,-0.093,0.511
382,-0.048,-8.64,-41.78,1.375,2.521,-1.662,-1.0,-0.4,2.9,-1.0,-0.1,0.0,38776.2,-122.0,-1156.0,7312.0,0.028,-0.02,-0.092,0.51
383,0.174,-8.575,-41.704,0.344,2.349,-1.719,-1.0,-0.4,2.9,-1.0,-0.2,0.0,38299.9,1275.0,-1466.0,7203.0,0.023,-0.022,-0.077,0.512
384,-0.097,-9.594,-41.602,0.745,2.235,-2.865,-1.0,-0.4,2.9,-1.0,-0.2,0.0,38357.5,-996.0,-5024.0,7117.0,0.025,-0.021,-0.079,0.511
385,-0.11,-9.417,-41.468,1.375,2.063,-1.948,-1.0,-0.4,2.8,-1.0,-0.1,0.0,38288.8,-68.0,-2043.0,7242.0,0.025,-0.019,-0.076,0.51
386,0.077,-9.432,-41.381,1.089,3.724,-1.146,-1.0,-0.3,2.8,-1.0,-0.2,0.0,38246.6,762.0,-685.0,7253.0,0.023,-0.02,-0.075,0.509
387,-0.221,-10.107,-41.315,1.604,3.896,-2.693,-1.0,-0.3,2.8,-1.0,-0.2,0.0,38408.0,-1424.0,-2529.0,7136.0,0.023,-0.019,-0.081,0.509
388,-0.029,-10.243,-41.198,-2.807,3.38,-2.177,-1.0,-0.2,2.8,-1.0,-0.2,0.0,38333.6,-3333.0,-5372.0,7048.0,0.021,-0.021,-0.078,0.508
389,-0.358,-10.929,-41.059,-0.229,2.521,-1.662,-1.0,-0.2,2.7,-1.0,-0.2,0.0,38349.4,-1019.0,-4588.0,7213.0,0.021,-0.019,-0.078,0.507
390,-0.133,-11.037,-40.979,0.229,1.089,-1.604,-1.0,-0.2,2.7,-0.9,-0.2,0.0,38298.5,-1098.0,-4082.0,7248.0,0.022,-0.017,-0.076,0.506
391,0.082,-11.05,-40.908,0.229,0.745,-1.776,-0.9,-0.2,2.7,-1.0,-0.2,0.0,38280.9,-1986.0,-4672.0,7128.0,0.023,-0.018000000000000002,-0.076,0.506
392,-0.25,-10.851,-40.807,1.261,0.859,-2.464,-0.9,-0.2,2.7,-0.9,-0.2,0.0,38340.6,-1106.0,-7590.0,7119.0,0.024,-0.017,-0.078,0.505
393,-0.086,-10.884,-40.692,1.776,0.115,-2.235,-0.9,-0.2,2.7,-0.9,-0.2,0.0,38247.8,949.0,-4544.0,7177.0,0.024,-0.015,-0.074,0.504
394,0.089,-10.817,-40.596,0.859,0.745,-2.177,-0.9,-0.2,2.6,-0.9,-0.2,0.0,38305.2,1911.0,-2401.0,7231.0,0.024,-0.014,-0.076,0.504
395,0.311,-10.745,-40.513,0.0,-1.432,-1.261,-0.9,-0.2,2.6,-0.9,-0.2,0.0,38770.0,313.0,-1317.0,7247.0,0.023,-0.015,-0.09,0.5
396,0.046,-10.799,-40.446,-0.172,-1.49,-2.005,-0.9,-0.2,2.6,-0.9,-0.2,0.0,38789.7,-188.0,-4257.0,7193.0,0.023,-0.014,-0.09,0.499
397,0.307,-10.663,-40.365,0.401,-1.432,-1.547,-0.9,-0.2,2.6,-0.8,-0.2,0.0,38850.1,507.0,-2356.0,7197.0,0.023,-0.012,-0.092,0.499
398,0.516,-10.526,-40.277,0.688,1.891,-2.521,-0.9,-0.2,2.6,-0.9,-0.3,0.0,38903.5,278.0,1990.0,7147.0,0.02,-0.014,-0.093,0.498
399,0.106,-11.169,-40.177,0.917,-3.323,-1.49,-0.9,-0.2,2.6,-0.9,-0.3,0.0,38856.6,-927.0,-4367.0,7187.0,0.02,-0.014,-0.093,0.496
400,0.061,-10.98,-40.109,0.688,1.031,-1.375,-0.9,-0.2,2.5,-0.8,-0.2,0.0,38977.8,-1112.0,-5514.0,7178.0,0.021,-0.012,-0.094,0.495
401,0.24,-11.037,-40.03,0.516,1.49,-1.662,-0.9,-0.2,2.5,-0.8,-0.2,0.0,39004.9,-307.0,-6520.0,7170.0,0.022,-0.011,-0.094,0.494
402,0.463,-10.987,-39.936,-2.349,2.235,-1.432,-0.9,-0.2,2.5,-0.7,-0.2,0.0,39016.3,625.0,-4934.0,7218.0,0.022,-0.009000000000000001,-0.094,0.493
403,0.816,-11.081,-39.869,0.688,0.802,-1.948,-0.9,-0.1,2.5,-0.7,-0.2,0.0,39019.1,-2867.0,-5729.0,7104.0,0.023,-0.008,-0.097,0.492
404,0.948,-11.146,-39.762,3.037,0.859,-2.865,-0.8,-0.1,2.4,-0.7,-0.2,0.0,39162.6,-729.0,-7598.0,7022.0,0.023,-0.006,-0.096,0.491
405,1.013,-11.243,-39.609,0.974,2.063,-2.12,-0.8,-0.1,2.4,-0.8,-0.4,0.0,39269.8,796.0,-6579.0,7028.0,0.016,-0.011,-0.099,0.49
406,0.212,-12.642,-39.474,0.401,0.974,-2.292,-0.8,-0.1,2.4,-0.7,-0.4,0.0,39241.4,-761.0,-2028.0,7094.0,0.016,-0.009000000000000001,-0.097,0.489
407,0.414,-12.628,-39.366,2.005,-1.146,-2.063,-0.8,-0.1,2.4,-0.7,-0.3,0.0,39219.4,232.0,-1835.0,7111.0,0.018000000000000002,-0.008,-0.09,0.489
408,0.454,-12.066,-39.272,0.859,-3.438,-1.719,-0.8,-0.1,2.4,-0.7,-0.3,0.0,39028.4,-162.0,-4609.0,7115.0,0.018000000000000002,-0.007,-0.089,0.488
409,0.584,-12.029,-39.186,2.75,-2.521,-2.12,-0.8,-0.2,2.3,-0.7,-0.3,0.0,39090.7,-3.0,-3135.0,7057.0,0.018000000000000002,-0.007,-0.091,0.487
410,0.386,-11.809,-39.067,3.438,-3.839,-1.604,-0.7,-0.2,2.3,-0.7,-0.3,0.0,39025.1,107.0,907.0,7117.0,0.018000000000000002,-0.005,-0.08700000000000001,0.486
411,0.365,-11.473,-38.96,3.209,-2.922,-1.891,-0.7,-0.3,2.3,-0.6,-0.3,0.0,38984.0,184.0,1012.0,7123.0,0.018000000000000002,-0.004,-0.089,0.485
412,0.217,-11.215,-34.616,-1.146,-3.724,-1.948,-0.7,-0.3,2.3,-0.6,-0.3,0.0,38990.1,-1741.0,-2800.0,7073.0,0.019,-0.003,-0.083,0.484
413,0.372,-10.952,-34.864,1.662,-1.547,-2.521,-0.7,-0.3,2.2,-0.6,-0.3,0.0,39013.6,-598.0,-4834.0,6981.0,0.019,-0.002,-0.083,0.483
414,0.406,-10.862,-33.854,1.547,0.63,-2.235,-0.6,-0.3,2.2,-0.5,-0.2,0.0,38986.9,-1067.0,-3803.0,6956.0,0.019,0.0,-0.082,0.482
415,0.466,-10.785,-38.443,1.662,-3.782,-2.922,-0.6,-0.3,2.2,-0.5,-0.2,0.0,38986.9,-900.0,-4452.0,6944.0,0.02,0.0,-0.078,0.481
416,0.502,-10.582,-38.287,2.922,-0.172,-2.177,-0.5,-0.3,2.1,-0.5,-0.2,0.0,38905.2,-1984.0,-5782.0,7009.0,0.02,0.001,-0.068,0.481
417,0.48,-10.568,-33.966,2.979,-3.782,-1.776,-0.5,-0.3,2.1,-0.9,-0.2,0.0,38667.9,-5112.0,-2518.0,6638.0,0.023,-0.014,-0.06,0.48
418,-2.629,-10.209,-37.949,6.818,-0.974,-2.807,-0.4,-0.3,2.1,-0.9,-0.2,0.0,38465.2,-299.0,-6726.0,6840.0,0.023,-0.013000000000000001,-0.053,0.47900000000000004
419,-2.789,-10.14,-37.784,0.057,-0.63,-2.865,-0.4,-0.3,2.1,-0.8,-0.2,0.0,38301.3,-616.0,-5865.0,6867.0,0.024,-0.012,-0.043000000000000003,0.47900000000000004
420,-2.684,-10.106,-32.417,2.235,2.005,-3.323,-0.4,-0.3,2.0,-0.8,-0.1,0.0,38032.5,664.0,58.0,6887.0,0.024,-0.011,-0.05,0.47600000000000003
421,-2.675,-10.071,-37.468,1.49,-2.235,-2.464,-0.4,-0.3,2.0,-0.8,-0.1,0.0,38317.2,-704.0,-5433.0,6870.0,0.025,-0.01,-0.059000000000000004,0.47600000000000003
422,-2.596,-9.857,-37.334,-2.578,-2.75,-2.693,-0.5,-0.4,2.0,-0.8,-0.1,0.0,38524.9,-525.0,-5162.0,6859.0,0.025,-0.01,-0.063,0.47500000000000003
423,-2.379,-9.635,-37.198,-3.552,-0.917,-2.12,-0.5,-0.4,2.0,-0.6,-0.0,0.0,38631.5,2840.0,-2390.0,7120.0,0.029,0.0,-0.067,0.47500000000000003
424,-0.386,-8.791,-37.137,-2.636,-0.458,-2.005,-0.5,-0.4,2.0,-0.5,-0.0,0.0,38738.1,1601.0,-1369.0,6961.0,0.029,0.0,-0.076,0.47300000000000003
425,-0.054,-8.861,-37.043,-2.349,1.604,-2.865,-0.6,-0.3,1.9,-0.5,0.0,0.0,39046.2,-1030.0,-4949.0,6857.0,0.03,0.0,-0.07200000000000001,0.47200000000000003
426,0.163,-8.786,-36.914,-0.516,-1.203,-2.177,-0.6,-0.3,1.9,-0.5,0.0,0.0,38960.1,-537.0,-3903.0,6901.0,0.03,0.001,-0.076,0.47100000000000003
427,0.323,-8.676,-36.792,0.573,0.229,-2.521,-0.6,-0.3,1.9,-0.6,0.0,0.0,39063.7,498.0,29.0,6788.0,0.03,0.0,-0.074,0.47000000000000003
428,-0.155,-8.775,-36.642,1.261,1.432,-2.578,-0.6,-0.3,1.8,-0.5,-0.0,0.0,39032.2,719.0,564.0,6873.0,0.029,0.0,-0.085,0.468
429,-0.089,-8.919,-36.503,2.063,2.406,-3.266,-0.5,-0.3,1.8,-0.5,0.0,0.0,39440.8,-1385.0,-4612.0,6781.0,0.031,0.0,-0.084,0.467
430,-0.057,-8.683,-31.024,2.521,1.662,-2.807,-0.5,-0.3,1.8,-0.5,0.1,0.0,39427.9,-3486.0,-4380.0,6793.0,0.032,0.002,-0.085,0.466
431,-0.06,-8.64,-31.651,0.0,3.094,-2.12,-0.5,-0.3,1.8,-0.5,0.1,0.0,39480.2,-1059.0,-5000.0,6845.0,0.032,0.002,-0.084,0.465
432,-0.027,-8.677,-32.211,3.438,2.636,-1.719,-0.5,-0.2,1.8,-0.5,-0.0,0.0,39483.2,-1929.0,-2961.0,6908.0,0.029,0.003,-0.075,0.465
433,-0.061,-9.449,-32.285,4.125,3.323,-2.693,-0.4,-0.2,1.7,-0.4,-0.0,0.0,39259.6,-2485.0,-2887.0,6805.0,0.029,0.004,-0.077,0.464
434,-0.132,-9.458,-32.098,3.724,2.693,-2.807,-0.4,-0.2,1.7,-0.4,0.0,0.0,39311.1,-2356.0,-7078.0,6741.0,0.03,0.004,-0.078,0.463
435,-0.468,-9.425,-31.481,2.005,0.172,-1.948,-0.4,-0.2,1.7,-0.4,0.0,0.0,39358.8,-1707.0,-7459.0,6820.0,0.03,0.005,-0.074,0.462
436,-0.313,-9.427,-31.623,-2.75,-0.115,-2.005,-0.4,-0.2,1.7,-0.4,0.0,0.0,39286.2,-536.0,-5252.0,6794.0,0.03,0.004,-0.074,0.462
437,-0.407,-9.429,-32.227,0.344,0.0,-1.776,-0.4,-0.2,1.6,-0.4,0.0,0.0,39280.4,277.0,-3517.0,6826.0,0.03,0.006,-0.067,0.461
438,-0.132,-9.459,-32.1,-1.203,0.917,-1.547,-0.4,-0.2,1.6,-0.4,0.0,0.0,39138.9,-1026.0,-137.0,6854.0,0.03,0.004,-0.073,0.461
439,-0.342,-9.469,-32.21,0.229,0.0,-2.865,-0.4,-0.2,1.6,-0.4,0.0,0.0,39291.9,268.0,-7180.0,6684.0,0.03,0.004,-0.077,0.46
440,-0.402,-9.463,-30.745,0.172,-0.917,-1.662,-0.4,-0.2,1.6,-0.4,0.0,0.0,39424.8,-1087.0,-4717.0,6822.0,0.03,0.005,-0.082,0.46
441,-0.324,-9.4,-32.164,-1.776,-1.203,-1.318,-0.4,-0.2,1.6,-0.5,-0.0,0.0,39533.0,-94.0,-4058.0,6786.0,0.028,0.002,-0.08600000000000001,0.459
442,-0.793,-9.756,-32.286,0.229,-3.61,-1.719,-0.4,-0.2,1.5,-0.5,-0.0,0.0,39656.5,653.0,-3641.0,6788.0,0.028,0.002,-0.081,0.458
443,-0.694,-9.67,-31.006,-1.375,-3.495,-2.12,-0.4,-0.2,1.5,-0.5,-0.0,0.0,39560.8,491.0,-2438.0,6775.0,0.028,0.002,-0.076,0.457
444,-0.684,-9.49,-30.718,-0.057,0.0,-2.865,-0.4,-0.2,1.5,-0.5,0.0,0.0,39467.6,-50.0,-4221.0,6671.0,0.029,0.003,-0.075,0.456
445,-0.546,-9.259,-30.596,-1.203,-2.922,-1.031,-0.4,-0.3,1.5,-0.4,0.0,0.0,39448.7,-704.0,-3033.0,6851.0,0.03,0.004,-0.074,0.456
446,-0.446,-9.057,-31.616,-0.573,-2.75,-2.063,-0.4,-0.3,1.4,-0.5,0.0,0.0,39452.3,842.0,-1987.0,6719.0,0.03,0.002,-0.07,0.455
447,-0.715,-8.988,-29.596,0.802,-0.688,-3.323,-0.4,-0.3,1.4,-0.5,0.0,0.0,39376.5,1266.0,555.0,6607.0,0.03,0.003,-0.07100000000000001,0.454
448,-0.539,-8.922,-29.112,-2.177,1.261,-2.292,-0.4,-0.3,1.4,-0.4,0.1,0.0,39427.0,-727.0,-783.0,6711.0,0.031,0.004,-0.07100000000000001,0.453
449,-0.205,-8.82,-30.482,-1.547,0.63,-2.807,-0.4,-0.2,1.4,-0.4,0.1,0.0,39461.5,-899.0,-2751.0,6667.0,0.032,0.005,-0.07,0.452
450,-0.063,-8.828,-29.611,2.063,1.776,-2.75,-0.4,-0.2,1.3,-0.4,0.1,0.0,39478.5,-783.0,-3342.0,6657.0,0.032,0.006,-0.07100000000000001,0.451
451,-0.035,-8.867,-29.753,0.172,3.151,-2.349,-0.4,-0.2,1.3,-0.4,0.1,0.0,39501.4,58.0,-1935.0,6679.0,0.033,0.006,-0.068,0.451
452,0.046,-8.948,-29.947,1.089,1.432,-1.662,-0.4,-0.2,1.3,-0.5,-0.1,0.0,39467.6,-3023.0,-5981.0,6748.0,0.026000000000000002,0.0,-0.057,0.452
453,-1.151,-10.197,-30.484,2.521,1.318,-2.406,-0.4,-0.1,1.3,-0.5,-0.1,0.0,39108.6,1617.0,-8019.0,6640.0,0.026000000000000002,0.001,-0.059000000000000004,0.451
454,-1.051,-10.229,-29.239,-0.516,2.12,-3.151,-0.4,-0.1,1.3,-0.5,-0.1,0.0,39162.1,-1577.0,-5761.0,6531.0,0.027,0.002,-0.054,0.451
455,-0.987,-10.235,-27.982,0.115,-0.802,-1.948,-0.3,-0.1,1.2,-0.5,-0.0,0.0,39063.1,-898.0,-5270.0,6729.0,0.028,0.002,-0.049,0.45
456,-1.016,-9.881,-30.352,1.776,-0.573,-1.375,-0.3,-0.2,1.2,-0.5,-0.0,0.0,38930.8,448.0,-3127.0,6819.0,0.029,0.003,-0.049,0.45
457,-0.956,-9.712,-31.562,-1.891,-1.662,-1.318,-0.4,-0.2,1.2,-0.5,-0.0,0.0,38921.7,-831.0,-4655.0,6736.0,0.029,0.003,-0.044,0.45
458,-0.772,-9.541,-30.503,1.089,-0.458,-2.235,-0.3,-0.2,1.2,-0.4,0.0,0.0,38578.4,-596.0,-6226.0,6653.0,0.029,0.004,-0.044,0.449
459,-0.752,-9.407,-29.535,1.203,0.172,-2.005,-0.3,-0.2,1.2,-0.5,0.0,0.0,38380.7,305.0,-3938.0,6583.0,0.029,0.002,-0.04,0.449
460,-1.119,-9.371,-28.891,-1.948,0.115,-2.12,-0.3,-0.2,1.1,-0.5,0.0,0.0,38085.8,-896.0,-3597.0,6558.0,0.029,0.003,-0.041,0.448
461,-1.024,-9.322,-28.27,0.172,0.401,-2.578,-0.3,-0.2,1.1,-0.5,0.0,0.0,38189.7,591.0,-2198.0,6588.0,0.03,0.003,-0.047,0.447
462,-0.935,-9.254,-28.568,0.63,-0.802,-2.406,-0.3,-0.2,1.1,-0.5,-0.0,0.0,37926.8,-44.0,-3332.0,6554.0,0.028,0.0,-0.045,0.446
463,-1.578,-9.47,-28.584,-0.917,2.636,-1.891,-0.3,-0.2,1.1,-0.5,-0.0,0.0,37679.9,1813.0,-3800.0,6593.0,0.029,0.001,-0.047,0.446
464,-1.358,-9.473,-29.131,-1.547,0.573,-1.662,-0.3,-0.2,1.1,-0.5,0.0,0.0,37509.8,575.0,-441.0,6652.0,0.029,0.001,-0.046,0.445
465,-1.208,-9.359,-29.428,-3.094,-1.891,-1.604,-0.4,-0.2,1.0,-0.5,0.0,0.0,37417.6,1405.0,-257.0,6651.0,0.029,0.002,-0.05,0.444
466,-1.004,-9.279,-28.837,-1.031,-0.802,-2.063,-0.4,-0.2,1.0,-0.5,0.0,0.0,37205.5,734.0,-3169.0,6588.0,0.029,0.002,-0.053,0.443
467,-0.76,-9.138,-28.945,-3.724,-3.552,-1.432,-0.4,-0.3,1.0,-0.4,0.0,0.0,37089.2,-268.0,-3472.0,6668.0,0.031,0.005,-0.059000000000000004,0.443
468,-0.04,-8.689,-29.848,-3.38,-2.464,-1.547,-0.5,-0.3,1.0,-0.4,0.1,0.0,37018.8,-1823.0,-4756.0,6542.0,0.031,0.006,-0.064,0.442
469,0.18,-8.537,-27.772,-2.005,-1.833,-3.037,-0.5,-0.3,1.0,-0.4,0.1,0.0,37005.4,-805.0,-4183.0,6462.0,0.031,0.006,-0.067,0.441
470,0.407,-8.326,-27.52,-1.432,-3.839,-1.891,-0.5,-0.3,0.9,-0.4,0.1,0.0,36843.4,-395.0,-5415.0,6572.0,0.032,0.007,-0.068,0.441
471,0.625,-8.032,-29.092,-2.005,-2.292,-1.261,-0.5,-0.4,0.9,-0.4,0.1,0.0,36665.7,207.0,-4784.0,6555.0,0.031,0.006,-0.073,0.44
472,0.534,-8.086,-28.316,-2.807,-1.031,-2.464,-0.5,-0.4,0.9,-0.4,0.1,0.0,36585.3,376.0,-543.0,6508.0,0.032,0.007,-0.074,0.439
473,0.815,-7.853,-27.594,-1.432,0.401,-2.063,-0.5,-0.4,0.9,-0.3,0.1,0.0,36403.7,103.0,-1592.0,6543.0,0.032,0.008,-0.067,0.44
474,0.962,-7.773,-27.866,1.49,0.974,-2.12,-0.5,-0.4,0.9,-0.3,0.1,0.0,35919.2,881.0,-1811.0,6565.0,0.033,0.009000000000000001,-0.069,0.44
475,1.141,-7.661,-29.127,-3.094,0.401,-0.286,-0.6,-0.4,0.9,-0.3,0.1,0.0,35758.6,-628.0,-2527.0,6670.0,0.033,0.01,-0.073,0.439
476,1.401,-7.562,-29.957,-0.516,0.688,-0.917,-0.6,-0.4,0.9,-0.3,0.1,0.0,35671.7,-735.0,-1842.0,6652.0,0.034,0.01,-0.077,0.438
477,1.554,-7.466,-29.518,0.115,-1.604,-0.974,-0.5,-0.3,0.9,-0.2,0.2,0.0,35564.1,-560.0,-6248.0,6664.0,0.035,0.011,-0.077,0.438
478,1.817,-7.347,-29.889,0.401,2.406,-0.344,-0.5,-0.2,0.8,-0.4,-0.2,0.0,35422.6,-1926.0,-1996.0,6734.0,0.02,0.003,-0.08,0.437
479,0.302,-10.269,-30.253,-1.318,1.432,-1.089,-0.5,-0.2,0.8,-0.4,-0.2,0.0,35432.6,-834.0,-5849.0,6583.0,0.02,0.004,-0.088,0.437
480,0.541,-10.319,-31.076,-3.037,-0.057,-1.203,-0.6,-0.2,0.8,-0.4,-0.2,0.0,35382.9,573.0,-2704.0,6606.0,0.021,0.004,-0.094,0.436
481,0.732,-10.074,-31.006,-2.865,-2.865,-0.344,-0.6,-0.3,0.8,-0.4,-0.2,0.0,35343.0,-190.0,-5407.0,6762.0,0.022,0.005,-0.101,0.435
482,1.024,-9.869,-30.994,-2.005,-3.438,-0.401,-0.6,-0.3,0.8,-0.3,-0.1,0.0,35337.7,706.0,-5141.0,6662.0,0.024,0.008,-0.108,0.434
483,1.679,-9.293,-30.965,-2.177,-2.005,-1.031,-0.6,-0.3,0.8,-0.3,-0.1,0.0,35292.2,-444.0,-1441.0,6567.0,0.024,0.009000000000000001,-0.114,0.432
484,1.958,-9.048,-30.892,-2.177,-4.985,-0.974,-0.7,-0.4,0.8,-0.3,-0.1,0.0,35266.9,624.0,-1235.0,6645.0,0.025,0.008,-0.12,0.431
485,2.075,-8.563,-30.842,-3.724,-3.61,-0.516,-0.7,-0.4,0.8,-0.3,-0.0,0.0,35236.0,-601.0,-4822.0,6633.0,0.026000000000000002,0.009000000000000001,-0.126,0.43
486,2.441,-8.287,-30.794,-1.49,-4.125,-1.146,-0.7,-0.4,0.8,-0.3,-0.0,0.0,35378.5,1052.0,-2117.0,6545.0,0.026000000000000002,0.01,-0.132,0.429
487,2.599,-8.039,-27.29,-0.458,-1.203,-2.12,-0.7,-0.5,0.7,-0.2,-0.0,0.0,35129.9,721.0,-3404.0,6535.0,0.027,0.012,-0.14,0.427
488,2.867,-7.836,-27.525,0.057,-0.688,-1.719,-0.7,-0.5,0.7,-0.2,-0.0,0.0,35149.4,718.0,-2913.0,6549.0,0.028,0.013000000000000001,-0.145,0.426
489,3.112,-7.666,-28.116,-2.693,0.573,-1.089,-0.8,-0.5,0.7,-0.2,0.0,0.0,35114.5,-255.0,-1229.0,6549.0,0.028,0.014,-0.162,0.423
490,3.38,-7.536,-27.697,-0.802,-0.917,-1.891,-0.7,-0.5,0.7,-0.2,0.0,0.0,35427.5,-1035.0,-3277.0,6512.0,0.029,0.015,-0.169,0.421
491,3.571,-7.411,-30.433,0.401,-3.151,-1.49,-0.7,-0.5,0.7,-0.2,0.0,0.0,35449.9,-221.0,-3050.0,6157.0,0.029,0.014,-0.177,0.42
492,3.322,-7.316,-30.334,3.209,-1.891,-2.235,-0.7,-0.5,0.7,-0.2,0.1,0.0,35493.5,818.0,-2202.0,6028.0,0.03,0.014,-0.186,0.418
493,3.215,-6.986,-30.217,1.547,0.0,-2.865,-0.7,-0.5,0.6,-0.1,0.1,0.0,35554.3,-1459.0,-2877.0,5873.0,0.031,0.015,-0.198,0.41500000000000004
494,3.334,-6.691,-24.944,3.953,0.974,-2.922,-0.6,-0.5,0.6,-0.1,0.1,0.0,36060.2,729.0,-2045.0,6324.0,0.032,0.016,-0.20700000000000002,0.41300000000000003
495,3.265,-6.531,-25.378,4.526,-0.115,-1.948,-0.6,-0.5,0.6,-0.1,0.1,0.0,36154.8,473.0,991.0,6428.0,0.032,0.017,-0.216,0.41100000000000003
496,3.112,-6.447,-26.246,4.297,-2.578,-1.948,-0.6,-0.5,0.6,-0.1,0.1,0.0,36209.7,-1669.0,-3200.0,6408.0,0.033,0.017,-0.224,0.40900000000000003
497,2.792,-6.217,-25.724,3.037,-0.688,-2.521,-0.5,-0.6,0.5,-0.0,0.1,0.0,36243.4,697.0,-3525.0,6366.0,0.032,0.019,-0.222,0.40800000000000003
498,3.022,-6.164,-25.017,3.323,0.0,-2.063,-0.5,-0.6,0.5,-0.1,0.2,0.0,36001.0,980.0,-2357.0,6389.0,0.035,0.018000000000000002,-0.229,0.406
499,2.727,-5.763,-25.663,3.839,2.12,-2.349,-0.4,-0.6,0.5,-0.0,0.2,0.0,36039.5,-273.0,-2566.0,6352.0,0.036000000000000004,0.02,-0.23500000000000001,0.404
500,2.73,-5.603,-24.931,1.432,-0.344,-2.464,-0.4,-0.6,0.5,-0.1,0.4,0.0,36085.8,-719.0,-4310.0,6212.0,0.041,0.016,-0.242,0.401
501,1.843,-4.572,-24.468,4.183,0.401,-2.177,-0.4,-0.6,0.4,-0.1,0.4,0.0,36153.3,-367.0,-2090.0,6354.0,0.043000000000000003,0.016,-0.23700000000000002,0.401
502,1.667,-4.247,-25.68,3.495,-3.094,-1.375,-0.3,-0.6,0.4,-0.1,0.4,0.0,35712.7,-2149.0,-5274.0,6455.0,0.044,0.018000000000000002,-0.241,0.398
503,1.632,-4.072,-25.924,3.552,-0.401,-2.177,-0.3,-0.6,0.4,-0.1,0.5,0.0,35787.9,446.0,-5845.0,6351.0,0.045,0.018000000000000002,-0.249,0.396
504,1.46,-3.847,-25.514,4.412,0.0,-1.604,-0.3,-0.6,0.4,-0.1,0.5,0.0,35855.3,683.0,-2550.0,6365.0,0.046,0.019,-0.257,0.393
505,1.358,-3.857,-25.473,3.724,4.813,-2.349,-0.2,-0.5,0.4,-0.0,0.5,0.0,35883.4,1617.0,-1460.0,6245.0,0.047,0.019,-0.259,0.391
506,1.294,-3.966,-23.795,1.432,4.756,-2.349,-0.2,-0.5,0.3,-0.0,0.5,0.0,35791.9,-1385.0,-3168.0,6219.0,0.048,0.02,-0.265,0.389
507,1.331,-4.081,-23.56,0.974,5.099,-2.464,-0.2,-0.4,0.3,-0.0,0.5,0.0,35857.6,-770.0,-2117.0,6192.0,0.048,0.02,-0.272,0.386
508,1.273,-4.217,-23.289,3.209,3.782,-2.75,-0.2,-0.4,0.3,-0.0,0.5,0.0,35917.8,-368.0,-3588.0,6233.0,0.046,0.021,-0.279,0.383
509,1.156,-4.953,-23.554,3.266,2.979,-2.636,-0.1,-0.3,0.3,-0.0,0.5,0.0,35960.7,-1368.0,-4869.0,6161.0,0.048,0.021,-0.28400000000000003,0.381
510,0.902,-4.78,-23.343,4.068,4.068,-2.406,-0.1,-0.3,0.2,-0.0,0.5,0.0,36253.6,1777.0,-3072.0,6247.0,0.047,0.021,-0.298,0.376
511,0.921,-4.795,-27.795,2.521,-0.573,-2.292,-0.1,-0.3,0.2,-0.0,0.5,0.0,36291.4,1056.0,-4028.0,6272.0,0.048,0.021,-0.303,0.373
512,0.757,-4.832,-27.656,0.573,-0.172,-1.261,-0.1,-0.3,0.2,0.1,0.5,0.0,36303.6,-432.0,-1744.0,6367.0,0.049,0.021,-0.307,0.37
513,0.66,-4.688,-27.556,0.573,0.0,-0.688,-0.1,-0.3,0.2,0.0,0.6,0.0,36375.7,-1278.0,-2873.0,6379.0,0.049,0.026000000000000002,-0.313,0.367
514,1.586,-4.625,-27.503,1.776,-0.229,-1.203,-0.1,-0.2,0.2,0.4,0.0,0.0,36602.8,664.0,1856.0,6332.0,0.05,0.022,-0.324,0.363
515,0.55,-4.48,-27.441,2.578,-4.469,0.172,-0.1,-0.2,0.2,0.5,0.0,0.0,36720.8,64.0,-2088.0,6547.0,0.029,0.039,-0.331,0.36
516,3.743,-8.377,-27.472,0.516,-1.318,-0.688,-0.1,-0.2,0.2,0.5,0.0,0.0,36776.4,-359.0,-5580.0,6391.0,0.029,0.039,-0.337,0.356
517,3.753,-8.13,-26.4,-1.547,-0.688,-0.516,-0.1,-0.2,0.2,0.5,-0.0,0.0,36776.4,513.0,-3295.0,6393.0,0.03,0.04,-0.341,0.353
518,3.827,-8.113,-25.461,-2.005,2.292,-0.917,-0.2,-0.2,0.2,0.5,0.0,0.0,36817.8,685.0,-1329.0,6431.0,0.028,0.04,-0.343,0.34900000000000003
519,4.048,-8.518,-27.308,-1.833,-0.401,0.573,-0.2,-0.2,0.2,0.5,0.1,0.0,36812.5,-335.0,-1923.0,6519.0,0.029,0.04,-0.34700000000000003,0.34600000000000003
520,4.106,-8.318,-27.593,-0.859,2.235,-0.286,-0.2,-0.2,0.2,0.5,0.0,0.0,36843.0,1001.0,-3334.0,6438.0,0.03,0.04,-0.352,0.342
521,4.183,-8.342,-26.471,-3.094,0.573,-0.286,-0.2,-0.2,0.2,0.5,0.0,0.0,36907.9,332.0,-5290.0,6522.0,0.029,0.041,-0.357,0.339
522,4.556,-8.426,-27.557,-0.458,0.0,-0.344,-0.2,-0.2,0.2,0.5,0.1,0.0,36971.2,-1637.0,-8476.0,6451.0,0.029,0.039,-0.363,0.335
523,4.276,-8.568,-27.082,-0.63,1.031,-0.229,-0.2,-0.2,0.2,0.5,0.1,0.0,37090.3,2871.0,-3854.0,6461.0,0.031,0.042,-0.368,0.331
524,4.735,-8.192,-26.225,1.203,0.859,-1.146,-0.1,-0.1,0.2,0.5,0.1,0.0,37147.5,846.0,-985.0,6416.0,0.031,0.04,-0.371,0.327
525,4.41,-8.262,-27.327,-0.115,3.094,-0.688,-0.2,-0.1,0.2,0.3,0.1,0.0,37188.8,-1454.0,-1599.0,6417.0,0.03,0.032,-0.377,0.324
526,2.747,-8.687,-25.603,3.037,1.719,-0.63,-0.0,-0.1,0.1,0.4,0.2,0.0,37266.4,-341.0,-634.0,6374.0,0.034,0.038,-0.378,0.321
527,3.608,-7.969,-25.092,4.068,-2.177,-1.089,0.0,-0.1,0.1,0.1,0.1,0.0,37211.8,-17.0,-3020.0,6273.0,0.031,0.026000000000000002,-0.384,0.317
528,1.176,-8.377,-24.329,4.24,-2.636,-1.833,0.1,-0.2,0.1,0.0,0.2,0.0,37317.6,-433.0,-5417.0,6233.0,0.034,0.022,-0.389,0.313
529,0.246,-7.768,-23.96,4.469,-2.922,-2.063,0.1,-0.2,0.1,-0.1,0.2,0.0,37404.3,-525.0,-7562.0,6137.0,0.037,0.019,-0.391,0.309
530,-0.735,-7.11,-22.52,5.959,-4.297,-2.693,0.2,-0.4,0.0,-0.1,0.2,0.0,37417.3,159.0,-5671.0,6141.0,0.034,0.017,-0.388,0.306
531,-1.226,-7.512,-21.853,3.61,0.229,-2.807,0.2,-0.4,0.0,-0.1,0.8,0.0,37263.6,1644.0,-513.0,5912.0,0.059000000000000004,0.016,-0.391,0.302
532,-1.517,-2.684,-21.881,2.922,1.375,-2.177,0.2,-0.3,-0.0,-0.1,0.8,0.0,37500.0,-845.0,-577.0,6144.0,0.06,0.016,-0.395,0.298
533,-1.725,-2.628,-22.117,1.833,1.261,-2.063,0.2,-0.3,-0.0,-0.1,0.8,0.0,37561.1,-464.0,-3825.0,6140.0,0.058,0.016,-0.398,0.294
534,-1.727,-3.181,-20.82,-0.745,5.558,-3.438,0.2,-0.2,-0.1,-0.1,0.8,0.0,37580.5,369.0,-2801.0,5964.0,0.058,0.016,-0.398,0.291
535,-1.784,-3.382,-20.249,-1.719,4.526,-2.578,0.2,-0.2,-0.1,-0.1,0.8,0.0,37527.7,854.0,-1468.0,6103.0,0.058,0.017,-0.4,0.28700000000000003
536,-1.427,-3.634,-21.589,-3.667,5.157,-2.464,0.2,-0.1,-0.1,-0.1,0.8,0.0,37554.7,-245.0,-4520.0,6082.0,0.061,0.017,-0.402,0.28300000000000003
537,-1.275,-3.478,-22.005,-2.75,5.615,-2.005,0.1,-0.1,-0.1,-0.1,0.8,0.0,37559.7,-301.0,-6556.0,6087.0,0.059000000000000004,0.018000000000000002,-0.404,0.279
538,-0.805,-4.189,-21.408,-2.521,5.73,-2.807,0.2,0.0,-0.2,-0.1,0.7,0.0,37578.9,387.0,-6260.0,5944.0,0.055,0.018000000000000002,-0.41200000000000003,0.274
539,-0.648,-5.267,-18.898,-2.636,6.704,-3.323,-0.0,0.0,-0.2,-0.6,0.7,0.0,37796.1,-2453.0,-4452.0,5766.0,0.056,-0.002,-0.41600000000000004,0.27
540,-4.525,-5.431,-18.87,-1.203,4.756,-2.979,-0.1,0.1,-0.2,0.4,1.0,0.0,37869.7,8165.0,-658.0,5895.0,0.066,0.035,-0.41600000000000004,0.265
541,2.828,-3.976,-19.169,-2.636,2.521,-3.438,-0.1,0.1,-0.3,0.4,1.0,0.0,37846.3,442.0,-4037.0,5821.0,0.067,0.036000000000000004,-0.418,0.261
542,3.135,-3.959,-17.799,0.229,2.063,-3.896,-0.1,0.1,-0.3,0.4,0.9,0.0,37859.2,1598.0,-3208.0,5806.0,0.065,0.037,-0.427,0.256
543,3.281,-4.483,-17.101,2.521,2.464,-4.813,-0.0,0.1,-0.4,0.3,0.9,0.0,38148.6,-1566.0,-4961.0,5655.0,0.064,0.034,-0.428,0.252
544,2.735,-4.561,-24.378,1.604,2.292,-4.927,-0.0,0.1,-0.4,0.3,1.0,0.0,38160.6,-2653.0,-6089.0,5612.0,0.067,0.033,-0.43,0.247
545,2.414,-4.154,-24.044,4.354,1.547,-5.214,0.1,0.2,-0.5,0.3,1.0,0.0,38200.1,-1174.0,-6261.0,5407.0,0.066,0.031,-0.432,0.242
546,1.944,-4.246,-23.753,3.782,1.948,-6.073,0.1,0.2,-0.5,0.2,1.0,0.0,38245.4,-1783.0,-1690.0,5316.0,0.068,0.03,-0.433,0.23800000000000002
547,1.381,-4.066,-23.377,6.303,-0.115,-6.589,0.1,0.1,-0.6,0.4,1.0,0.0,38251.1,1847.0,-2033.0,5341.0,0.067,0.036000000000000004,-0.43,0.234
548,2.319,-4.156,-22.993,6.761,-1.261,-6.131,0.4,0.1,-0.7,-0.3,1.0,0.0,38133.2,-8079.0,-3879.0,5160.0,0.067,0.007,-0.432,0.23
549,-3.553,-4.103,-22.567,5.5,-1.547,-5.214,0.4,0.1,-0.7,-0.4,1.1,0.0,38174.5,-2441.0,-3690.0,5288.0,0.07,0.005,-0.433,0.226
550,-4.169,-3.225,-22.223,5.5,3.209,-5.901,0.4,0.1,-0.8,-0.3,1.1,0.0,38182.2,2527.0,-4574.0,5233.0,0.069,0.007,-0.433,0.221
551,-4.108,-3.273,-21.883,-0.859,4.412,-6.303,0.4,0.1,-0.8,-0.3,1.0,0.0,38171.6,-1241.0,-1049.0,5245.0,0.068,0.008,-0.435,0.217
552,-4.015,-3.637,-21.514,0.0,3.266,-6.131,0.4,0.2,-0.9,-0.3,1.1,0.0,38208.6,-426.0,-1223.0,5110.0,0.07,0.007,-0.434,0.213
553,-4.286,-3.347,-21.138,1.318,3.724,-5.844,0.5,0.2,-1.0,-0.3,1.0,0.0,38170.3,467.0,-1884.0,5211.0,0.067,0.008,-0.436,0.20800000000000002
554,-4.225,-4.189,-20.77,0.63,1.203,-5.329,0.4,0.1,-1.0,-0.2,1.0,0.0,38206.5,435.0,-4136.0,5179.0,0.067,0.011,-0.436,0.20400000000000001
555,-3.76,-4.162,-20.425,0.229,4.526,-5.271,0.4,0.2,-1.1,-0.1,1.4,0.0,38215.7,1333.0,1456.0,5049.0,0.083,0.015,-0.445,0.198
556,-2.883,-1.411,-20.071,0.229,4.584,-4.412,0.4,0.3,-1.1,-0.2,1.3,0.0,38498.7,1189.0,-1196.0,5254.0,0.078,0.012,-0.449,0.194
557,-3.476,-2.476,-19.785,-1.719,4.584,-4.698,0.4,0.3,-1.2,-0.1,1.2,0.0,38594.8,2901.0,-959.0,5201.0,0.074,0.015,-0.448,0.189
558,-2.827,-3.599,-19.526,-2.063,3.38,-4.24,0.3,0.4,-1.2,-0.1,1.3,0.0,38564.5,23.0,-951.0,5103.0,0.077,0.016,-0.449,0.185
559,-2.508,-3.162,-19.236,-2.464,1.261,-3.896,0.3,0.4,-1.2,-0.0,1.2,0.0,38787.8,-1398.0,-3592.0,5206.0,0.077,0.016,-0.449,0.185
